open,high,low,close,volume,marketCap,timestamp
2.831619978,3.5366098881,2.5211200714,2.7721199989,164329,166610555.018,"2015-08-07T23:59:59.999Z"
0.7139890194,0.7298539877,0.6365460157,0.7084479928,405283,42818364.3945,"2015-08-10T23:59:59.999Z"
1.8109200001,2.261879921,1.7547500134,1.8278700113,4637030,110672321.811,"2015-08-14T23:59:59.999Z"
1.215299964,1.3311599493,1.0870499611,1.0870499611,1485680,78868413.078,"2015-08-18T23:59:59.999Z"
1.3962899446,1.4764100313,1.3526799679,1.3792300224,948310,100201825.662,"2015-08-22T23:59:59.999Z"
1.1327899694,1.2024799585,1.0618300438,1.1599800587,1056750,84390923.5384,"2015-08-26T23:59:59.999Z"
1.1829899549,1.3679900169,1.170609951,1.3192700148,1337650,96097349.1063,"2015-08-30T23:59:59.999Z"
1.3515700102,1.3549100161,1.2646199465,1.2947900295,883769,94389544.2517,"2015-09-02T23:59:59.999Z"
1.3380099535,1.3736399412,1.2942500114,1.2958300114,491968,94580163.7911,"2015-09-06T23:59:59.999Z"
1.2076100111,1.221570015,1.1361500025,1.1657700539,662782,85202731.6627,"2015-09-10T23:59:59.999Z"
0.9405660033,0.9493870139,0.8717600107,0.8756219745,741085,64084134.617,"2015-09-14T23:59:59.999Z"
0.8745740056,0.888101995,0.8339080215,0.8536850214,484622,62561883.0773,"2015-09-18T23:59:59.999Z"
0.9193369746,0.9193369746,0.8652250171,0.9017959833,487914,66180153.1012,"2015-09-22T23:59:59.999Z"
0.7376300097,0.7875440121,0.7093279958,0.7859640121,369620,57759115.3858,"2015-09-26T23:59:59.999Z"
0.57941401,0.6758300066,0.5583459735,0.6611459851,913992,48633258.7786,"2015-09-29T23:59:59.999Z"
0.6787829995,0.7092040181,0.6754819751,0.6871709824,163326,50616971.5371,"2015-10-03T23:59:59.999Z"
0.6505150199,0.6563010216,0.6024230123,0.6093879938,218327,44947526.8207,"2015-10-07T23:59:59.999Z"
0.6274610162,0.6395059824,0.6183350086,0.634962976,102128,46897253.1371,"2015-10-11T23:59:59.999Z"
0.523277998,0.5727139711,0.5147299767,0.5618780255,371022,41556025.1831,"2015-10-15T23:59:59.999Z"
0.5176209807,0.5215460062,0.4809939861,0.4890139997,243742,36215624.0027,"2015-10-19T23:59:59.999Z"
0.4449880123,0.6194660068,0.4209910035,0.5677019954,924822,42085191.5066,"2015-10-22T23:59:59.999Z"
0.6197429895,0.7575169802,0.5970979929,0.7313169837,1089120,54289124.0613,"2015-10-26T23:59:59.999Z"
1.2092000246,1.3450499773,0.9681599736,1.0412199497,2429200,77401817.2165,"2015-10-30T23:59:59.999Z"
0.9945679903,1.0704400539,0.9366149902,1.0133600235,1907690,75434113.5622,"2015-11-03T23:59:59.999Z"
0.9237319827,0.9437869787,0.8635389805,0.9279739857,890187,69172170.7158,"2015-11-07T23:59:59.999Z"
0.9412959814,0.9452779889,0.7297750115,0.79182899,1278580,59103443.2691,"2015-11-11T23:59:59.999Z"
0.8912169933,0.9215160012,0.8749570251,0.9063680172,411848,67745801.3686,"2015-11-15T23:59:59.999Z"
0.9932140112,1.0115699768,0.940515995,0.993318975,681104,74320768.7669,"2015-11-18T23:59:59.999Z"
0.979764998,0.9841319919,0.9589819908,0.9680179954,372173,72523507.316,"2015-11-22T23:59:59.999Z"
0.8632730246,0.903643012,0.8043599725,0.8841829896,947473,66330891.8546,"2015-11-26T23:59:59.999Z"
0.8799510002,0.8950539827,0.8476960063,0.8731189966,784439,65589555.3727,"2015-11-30T23:59:59.999Z"
0.8120819926,0.8595749736,0.802372992,0.8400409818,241278,63189182.3029,"2015-12-04T23:59:59.999Z"
0.8060240149,0.8236449957,0.7823280096,0.8221179843,445903,61922409.1097,"2015-12-08T23:59:59.999Z"
0.8399950266,0.9297620058,0.8197889924,0.9297620058,801072,70101842.4308,"2015-12-11T23:59:59.999Z"
0.9905890226,1.0288399458,0.9822400212,1.0141500235,578618,76568082.1105,"2015-12-15T23:59:59.999Z"
0.9215239882,0.9258739948,0.8889160156,0.9080719948,343535,68650438.889,"2015-12-19T23:59:59.999Z"
0.8617820144,0.8829399943,0.8560649753,0.8580769897,334993,64957356.0518,"2015-12-23T23:59:59.999Z"
0.8531659842,0.861537993,0.8411509991,0.856365025,164565,64913918.9664,"2015-12-27T23:59:59.999Z"
0.9120979905,0.9754139781,0.910277009,0.9335420132,663994,70858022.7546,"2015-12-31T23:59:59.999Z"
0.9720450044,0.9764379859,0.9298350215,0.9544799924,346245,72543706.6191,"2016-01-04T23:59:59.999Z"
0.9558010101,0.9746230245,0.9358299971,0.9420049787,647462,71667152.1174,"2016-01-07T23:59:59.999Z"
0.9992160201,1.0699100494,0.9992160201,1.0615999699,1011920,80874514.4822,"2016-01-11T23:59:59.999Z"
1.1844400167,1.3193800449,1.1429300308,1.2080099583,3910550,92149709.3458,"2016-01-15T23:59:59.999Z"
1.4226100445,1.46468997,1.3050099611,1.3713899851,2446740,104750745.916,"2016-01-19T23:59:59.999Z"
1.5041199923,2.0301198959,1.4960500002,1.9726699591,7370980,150874911.801,"2016-01-23T23:59:59.999Z"
2.2474400997,2.5949399471,2.1886498928,2.3885500431,6961080,182923579.832,"2016-01-27T23:59:59.999Z"
2.4431500435,2.5309700966,2.1863501072,2.3060400486,5847500,176834423.908,"2016-01-31T23:59:59.999Z"
2.4319300652,2.5401699543,2.3416199684,2.5286900997,3987750,194099729.616,"2016-02-03T23:59:59.999Z"
2.5364100933,3.0581901073,2.5363800526,2.9643399715,7007060,227838892.268,"2016-02-07T23:59:59.999Z"
4.496819973,6.2922301292,4.3383002281,6.0131001472,26408200,462770854.833,"2016-02-11T23:59:59.999Z"
5.3305301666,5.8869900703,5.0185599327,5.2883501053,13934200,407524960.273,"2016-02-15T23:59:59.999Z"
4.3847899437,4.7932200432,4.2746901512,4.7378897667,7666320,365577845.264,"2016-02-19T23:59:59.999Z"
5.6849298477,5.9476399422,5.387819767,5.586209774,13380600,431598156.705,"2016-02-23T23:59:59.999Z"
6.0378298759,6.2687501907,5.7390499115,5.92166996,9526860,457966534.807,"2016-02-26T23:59:59.999Z"
6.3193101883,7.9086399078,6.3088498116,7.6536898613,23098100,592677992.715,"2016-03-01T23:59:59.999Z"
10.370300293,12.2740001678,9.9729003906,11.0037002563,56439600,853205226.207,"2016-03-05T23:59:59.999Z"
9.7924203873,12.0546998978,9.6709899902,11.8979997635,27540500,923733301.053,"2016-03-09T23:59:59.999Z"
13.5101995468,15.2571001053,13.4673995972,14.4750003815,43915100,1125287882.35,"2016-03-13T23:59:59.999Z"
12.5586996078,12.6435003281,10.4426002502,11.0815000534,41650600,865792702.512,"2016-03-17T23:59:59.999Z"
10.3037004471,12.0149002075,10.1616001129,11.8641004562,28572600,928428769.976,"2016-03-21T23:59:59.999Z"
12.442199707,12.5016002655,10.8035001755,11.2349996567,26081800,881027910.325,"2016-03-24T23:59:59.999Z"
10.4314002991,11.8613004684,10.407500267,11.665599823,23188300,916272915.524,"2016-03-28T23:59:59.999Z"
11.4006004333,11.850399971,11.4006004333,11.663599968,11373100,917590806.482,"2016-04-01T23:59:59.999Z"
11.2124996185,11.2124996185,10.1346998215,10.4380998611,20557300,822498173.198,"2016-04-05T23:59:59.999Z"
9.6942300797,10.0888996124,9.0681400299,9.1506204605,16194800,722193576.139,"2016-04-09T23:59:59.999Z"
7.4413599968,8.7197704315,7.0692200661,8.0444202423,31403300,635899506.815,"2016-04-13T23:59:59.999Z"
8.2358798981,8.6497602463,8.1144399643,8.6094999313,9888460,681383665.851,"2016-04-16T23:59:59.999Z"
8.6881904602,8.8253898621,8.3137598038,8.4657897949,15634700,671081004.198,"2016-04-20T23:59:59.999Z"
8.2934303284,8.4739704132,7.9598097801,8.0013504028,10786400,635274078.405,"2016-04-24T23:59:59.999Z"
7.7406902313,7.9130702019,7.1663999557,7.1725301743,11576000,570380061.149,"2016-04-28T23:59:59.999Z"
8.8942403793,10.3214998245,8.8507204056,10.1632003784,41019200,809492236.116,"2016-05-02T23:59:59.999Z"
9.8096103668,9.9521903992,9.0370101929,9.3466396332,21510600,745638475.904,"2016-05-06T23:59:59.999Z"
9.2826499939,9.4790201187,9.2613601685,9.3615198135,9321790,748013845.869,"2016-05-10T23:59:59.999Z"
10.0622997284,11.0528001785,10.0184001923,10.5066003799,31276900,840514936.018,"2016-05-13T23:59:59.999Z"
11.1932001114,12.4870004654,11.1526002884,12.198800087,37198700,977439936.029,"2016-05-17T23:59:59.999Z"
13.6897001266,14.051199913,13.1190004349,14.0150003433,24648400,1124761560.11,"2016-05-21T23:59:59.999Z"
12.7931995392,12.8984003067,11.7665996552,12.5260000229,27444700,1006875563.82,"2016-05-25T23:59:59.999Z"
12.1121997833,12.6907997131,11.7768001556,12.350399971,28598400,994349366.986,"2016-05-29T23:59:59.999Z"
13.9917001724,14.0483999252,13.6291999817,13.7379999161,10477200,1107823663.33,"2016-06-02T23:59:59.999Z"
14.0006999969,14.0585002899,13.7349004745,13.9341001511,8720400,1125426016.73,"2016-06-06T23:59:59.999Z"
14.4306001663,14.567199707,14.3402004242,14.3985996246,8256830,1164331164.82,"2016-06-09T23:59:59.999Z"
15.7722997665,17.6441993713,15.7195997238,17.6026992798,38023400,1425681022.67,"2016-06-13T23:59:59.999Z"
20.6508998871,21.5226993561,13.5676002502,15.3767995834,199408000,1247381861.78,"2016-06-17T23:59:59.999Z"
11.8198003769,13.4203996658,11.2917995453,13.3066997528,69245600,1081206507.33,"2016-06-21T23:59:59.999Z"
14.3028001785,14.5818996429,14.0170001984,14.2829999924,15383100,1162367709.05,"2016-06-25T23:59:59.999Z"
12.174200058,13.0380001068,11.6854000092,12.6112003326,26982800,1027934139.83,"2016-06-29T23:59:59.999Z"
12.2159996033,12.2208995819,11.9502000809,12.1283998489,8987070,989751702.181,"2016-07-02T23:59:59.999Z"
10.575799942,11.1056003571,10.2807998657,10.5289001465,18137300,860571470.405,"2016-07-06T23:59:59.999Z"
10.9603996277,11.0136995316,10.7821998596,10.9476003647,5479240,896201853.31,"2016-07-10T23:59:59.999Z"
10.5968999863,11.6819000244,10.5968999863,11.5131998062,23621900,943973546.641,"2016-07-14T23:59:59.999Z"
11.1730003357,11.6100997925,10.9483003616,11.0343999863,15931900,906133047.388,"2016-07-18T23:59:59.999Z"
12.657500267,14.8134002686,12.539899826,14.6618995667,74779504,1205898352.73,"2016-07-22T23:59:59.999Z"
13.8161001205,13.851099968,11.7271995544,11.9895000458,94428800,987619811.845,"2016-07-26T23:59:59.999Z"
12.836400032,12.8705997467,12.5542001724,12.7945995331,14082300,1055182413.43,"2016-07-29T23:59:59.999Z"
10.9484996796,11.1372003555,8.2009801865,8.7872800827,88803296,725809584.347,"2016-08-02T23:59:59.999Z"
10.9167003632,10.9376001358,10.2857999802,10.8810997009,16712600,900151687.913,"2016-08-06T23:59:59.999Z"
12.2298002243,12.4577999115,11.9825000763,12.1431999207,28096300,1006130317.88,"2016-08-10T23:59:59.999Z"
11.5832996368,11.6946001053,11.0991001129,11.1948003769,8680160,928985641.731,"2016-08-14T23:59:59.999Z"
10.7475004196,11.0090999603,10.744799614,10.7560997009,6935800,893970119.488,"2016-08-18T23:59:59.999Z"
11.2532997131,11.2538003922,10.9939002991,11.1792001724,4355660,930217061.1,"2016-08-21T23:59:59.999Z"
11.0312995911,11.3851003647,11.0167999268,11.3573999405,8552380,946508889.646,"2016-08-25T23:59:59.999Z"
10.9151000977,11.1462001801,10.7897996902,10.9837999344,8130540,916781160.508,"2016-08-29T23:59:59.999Z"
11.9642000198,12.3133001328,11.882399559,12.1129999161,9368300,1012583470.2,"2016-09-02T23:59:59.999Z"
11.725399971,11.7284002304,11.4728002548,11.6891002655,6346330,978635237.847,"2016-09-06T23:59:59.999Z"
11.6623001099,12.2151002884,11.5437002182,12.1684999466,7220300,1020331771.3,"2016-09-10T23:59:59.999Z"
11.9046001434,11.9972000122,11.8558998108,11.9231996536,5694820,1001301306.4,"2016-09-14T23:59:59.999Z"
12.5581998825,12.7629995346,12.4423999786,12.6985998154,7446610,1067645132.84,"2016-09-17T23:59:59.999Z"
14.4341001511,14.4341001511,13.1702003479,13.7685003281,28645000,1159365902.45,"2016-09-21T23:59:59.999Z"
12.8524999619,13.1075000763,12.7974996567,13.1008996964,5283440,1104901553.18,"2016-09-25T23:59:59.999Z"
13.2768001556,13.3360996246,13.0733995438,13.0733995438,5990630,1104310043.24,"2016-09-29T23:59:59.999Z"
13.2030000687,13.4851999283,13.1871995926,13.4524002075,7458320,1138142255.11,"2016-10-03T23:59:59.999Z"
12.8515996933,12.9902000427,12.5347003937,12.6670999527,8933050,1073405274.53,"2016-10-07T23:59:59.999Z"
12.0607004166,12.0621995926,11.6239995956,11.7554998398,10809200,997363894.952,"2016-10-10T23:59:59.999Z"
11.9891004562,12.0740003586,11.8958997726,11.9381999969,4333510,1014456176.48,"2016-10-14T23:59:59.999Z"
11.9959001541,12.9278001785,11.9959001541,12.5885000229,18864200,1071362740.94,"2016-10-18T23:59:59.999Z"
12.1803998947,12.190199852,11.9540996552,12.0714998245,7583820,1028949804.39,"2016-10-22T23:59:59.999Z"
11.3840999603,11.6625003815,11.3840999603,11.531999588,10221800,984429110.077,"2016-10-26T23:59:59.999Z"
10.4281997681,11.4537000656,10.2948999405,11.182800293,16694900,956007453.652,"2016-10-30T23:59:59.999Z"
10.7976999283,11.1075000763,10.7623996735,10.8009996414,15228600,924716659.063,"2016-11-03T23:59:59.999Z"
10.9917001724,11.2454004288,10.8520002365,10.8734998703,5688710,931947467.415,"2016-11-06T23:59:59.999Z"
10.6746997833,10.6771001816,10.513299942,10.5244998932,4253980,903380023.603,"2016-11-10T23:59:59.999Z"
10.0981998444,10.1570997238,9.9560403824,9.9664802551,3573250,856753360.514,"2016-11-14T23:59:59.999Z"
9.9883499146,10.0060997009,9.4761600494,9.4761600494,10816100,815806831.578,"2016-11-18T23:59:59.999Z"
9.6257600784,10.2388000488,9.5910997391,9.9057197571,11284400,854053527.945,"2016-11-22T23:59:59.999Z"
9.4164304733,9.5010299683,9.3107500076,9.3281097412,3505990,805474197.902,"2016-11-26T23:59:59.999Z"
8.1554803848,8.7511301041,8.1554803848,8.5875396729,10626600,742664775.158,"2016-11-30T23:59:59.999Z"
7.7663297653,8.1511697769,7.6682400703,7.9213399887,12112100,685808135.756,"2016-12-03T23:59:59.999Z"
7.8948302269,8.5408401489,7.3284401894,8.381480217,22229600,726702379.806,"2016-12-07T23:59:59.999Z"
8.1264095306,8.2685604095,8.1029901505,8.1936197281,5545500,711457158.663,"2016-12-11T23:59:59.999Z"
8.235329628,8.235329628,7.722410202,7.8284702301,13184400,680740349.205,"2016-12-15T23:59:59.999Z"
7.8694300652,7.8694300652,7.6251897812,7.643819809,5894760,665654987.232,"2016-12-19T23:59:59.999Z"
7.5769500732,7.691740036,7.1611399651,7.1661500931,19613100,624956487.409,"2016-12-23T23:59:59.999Z"
7.1321001053,7.3338198662,7.0475101471,7.2740898132,5836810,635060698.562,"2016-12-26T23:59:59.999Z"
8.2898797989,8.4660902023,8.0546798706,8.1599798203,13909900,713433620.431,"2016-12-30T23:59:59.999Z"
8.3745803833,9.9968004227,8.3171701431,9.7252502441,33625200,851512055.174,"2017-01-03T23:59:59.999Z"
10.2409000397,10.2804002762,9.585849762,9.867190361,23153600,865194523.291,"2017-01-07T23:59:59.999Z"
10.5415000916,10.6639003754,9.4568004608,9.7177600861,26823500,853319721.866,"2017-01-11T23:59:59.999Z"
9.829199791,9.9996204376,9.597410202,9.9042596817,14837900,870948977.494,"2017-01-15T23:59:59.999Z"
10.2405004501,10.4440002441,10.178899765,10.3971996307,8347550,915611848.672,"2017-01-19T23:59:59.999Z"
10.9100999832,10.9717998505,10.5762996674,10.7032003403,8678620,943567856.037,"2017-01-22T23:59:59.999Z"
10.567199707,10.6676998138,10.5135002136,10.589099884,8465020,934844927.991,"2017-01-26T23:59:59.999Z"
10.4938001633,10.7139997482,10.4665002823,10.5712003708,8042180,934593362.057,"2017-01-30T23:59:59.999Z"
10.8125,11.1145000458,10.7550001144,11.1145000458,12897800,984019776.178,"2017-02-03T23:59:59.999Z"
11.4252996445,11.6098003387,11.4149999619,11.5152997971,7629640,1020961129.98,"2017-02-07T23:59:59.999Z"
11.2908000946,11.4317998886,11.2424001694,11.3494997025,7544520,1007694075.63,"2017-02-11T23:59:59.999Z"
11.2863998413,13.3306999207,11.2863998413,13.0251998901,42911500,1157709435.18,"2017-02-14T23:59:59.999Z"
12.7083997726,12.825799942,12.6787996292,12.8101997375,9370010,1140211196.72,"2017-02-18T23:59:59.999Z"
12.6871995926,12.7624998093,12.5525999069,12.5996999741,10360900,1123050432.67,"2017-02-22T23:59:59.999Z"
13.5177001953,14.5431003571,13.3952999115,14.5200004578,20307500,1296040793.88,"2017-02-26T23:59:59.999Z"
17.3553009033,19.3530006409,16.954000473,19.0301990509,83627104,1701011947.7,"2017-03-02T23:59:59.999Z"
19.2823009491,20.1023006439,19.1147994995,19.6056995392,32432700,1754907794.43,"2017-03-06T23:59:59.999Z"
17.7409000397,19.6588001251,17.6772994995,19.3323001862,87506800,1732837145.25,"2017-03-10T23:59:59.999Z"
23.5048999786,30.6037998199,23.5048999786,28.5928993225,255488000,2565583285.3,"2017-03-13T23:59:59.999Z"
45.9295005798,55.1147003174,38.2070007324,46.827999115,497534016,4207676008.74,"2017-03-17T23:59:59.999Z"
43.5097999573,44.262298584,42.3707008362,43.1450996399,91265400,3882154700.24,"2017-03-21T23:59:59.999Z"
53.5759010315,53.5759010315,48.3116989136,51.25,223059008,4617794703.12,"2017-03-25T23:59:59.999Z"
50.5693016052,53.8689994812,50.548500061,53.1260986328,144998000,4793424049.48,"2017-03-29T23:59:59.999Z"
50.7383995056,51.2745018005,45.4258003235,48.7486991882,134604000,4404475423.01,"2017-04-02T23:59:59.999Z"
45.220500946,45.6418991089,40.9011001587,43.242099762,147120000,3912317958.56,"2017-04-06T23:59:59.999Z"
44.2803993225,44.4905014038,42.8927993774,43.266998291,55143000,3918563431.42,"2017-04-09T23:59:59.999Z"
46.3106002808,50.9137992859,46.3106002808,50.2193984985,157200000,4554299451.84,"2017-04-13T23:59:59.999Z"
48.6596984863,48.7453994751,48.0517997742,48.304599762,44013300,4386552041.3,"2017-04-17T23:59:59.999Z"
49.6432991028,49.6617012024,48.1403007507,48.2243995667,45048300,4385105011.63,"2017-04-21T23:59:59.999Z"
50.0746002197,50.3036003113,49.8069000244,49.8912010193,38264600,4542708760.73,"2017-04-25T23:59:59.999Z"
71.3896026611,71.9048995972,66.7789001465,68.3768997192,165448000,6233911088.18,"2017-04-29T23:59:59.999Z"
76.6533966064,79.353302002,74.3768005371,77.2638015747,193772992,7050941746.05,"2017-05-02T23:59:59.999Z"
94.9121017456,97.8759002686,90.9501037598,97.8134994507,151462000,8937843150.73,"2017-05-06T23:59:59.999Z"
91.1511001587,92.8469009399,85.2863006592,89.5249023438,145602000,8191083679.73,"2017-05-10T23:59:59.999Z"
90.87159729,91.248298645,89.6060028076,90.7864990234,66046600,8317148600.72,"2017-05-14T23:59:59.999Z"
89.8404006958,97.368598938,89.8404006958,96.9063034058,196236992,8888797356.92,"2017-05-18T23:59:59.999Z"
158.1730041504,201.7460021973,152.4739990234,174.2610015869,1188909952,16004156112.1,"2017-05-22T23:59:59.999Z"
175.2169952393,193.68800354,150.2779998779,160.4029998779,792457984,14749889599.6,"2017-05-26T23:59:59.999Z"
170.1349945068,197.1260070801,164.5299987793,194.908996582,718828032,17939882188.9,"2017-05-29T23:59:59.999Z"
222.2859954834,229.4109954834,219.5839996338,223.7749938965,469532000,20622162298.6,"2017-06-02T23:59:59.999Z"
248.5989990234,267.5140075684,246.8390045166,264.466003418,741553024,24401181120.6,"2017-06-06T23:59:59.999Z"
282.0140075684,350.2609863281,282.0140075684,337.6679992676,1611629952,31192780483,"2017-06-10T23:59:59.999Z"
397.5889892578,399.324005127,342.2149963379,359.0530090332,1272579968,33208658541.8,"2017-06-14T23:59:59.999Z"
379.5190124512,390.5809936523,368.8439941406,371.4580078125,904702976,34398150200.6,"2017-06-18T23:59:59.999Z"
359.5400085449,361.3429870605,319.4790039063,336.8720092773,1420130048,31222823000.4,"2017-06-21T23:59:59.999Z"
323.466003418,332.7919921875,284.6459960938,303.2479858398,1186880000,28138409363.6,"2017-06-25T23:59:59.999Z"
328.3659973145,330.7080078125,297.3729858398,302.8829956055,1508579968,28136918558.1,"2017-06-29T23:59:59.999Z"
288.4140014648,291.1040039063,281.175994873,282.8980102539,851408000,26310761677.2,"2017-07-03T23:59:59.999Z"
270.3500061035,273.9429931641,244.1739959717,245.9909973145,687251968,22900134646.4,"2017-07-07T23:59:59.999Z"
211.5249938965,220.2910003662,183.391998291,197.404006958,1440950016,18401040700.6,"2017-07-11T23:59:59.999Z"
199.7089996338,200.1609954834,170.6549987793,170.6549987793,810451968,15923953592.6,"2017-07-15T23:59:59.999Z"
195.0269927979,267.9859924316,182.0590057373,234.3910064697,2709260032,21887962775.7,"2017-07-18T23:59:59.999Z"
217.8600006104,232.6959991455,216.8679962158,229.4759979248,618259968,21451273566.4,"2017-07-22T23:59:59.999Z"
207.0859985352,210.766998291,194.783996582,203.9530029297,717692032,19085332800,"2017-07-26T23:59:59.999Z"
206.7359924316,208.5410003662,196.1490020752,197.9779968262,596233984,18545669553.6,"2017-07-30T23:59:59.999Z"
220.1799926758,228.2920074463,219.8880004883,225.3419952393,557217024,21128736917.8,"2017-08-03T23:59:59.999Z"
261.2369995117,271.9630126953,256.6889953613,269.1799926758,935726976,25262099071.4,"2017-08-07T23:59:59.999Z"
296.9609985352,306.5929870605,289.925994873,295.891998291,1076819968,27788165831.7,"2017-08-10T23:59:59.999Z"
298.0310058594,306.8070068359,296.4119873047,300.0969848633,864390976,28209451116.8,"2017-08-14T23:59:59.999Z"
301.6969909668,307.9599914551,292.4989929199,295.5899963379,936160000,27812276026.1,"2017-08-18T23:59:59.999Z"
321.0549926758,327.3609924316,297.9129943848,314.7850036621,1336400000,29646659313.6,"2017-08-22T23:59:59.999Z"
331.9899902344,334.9849853516,327.9190063477,333.8819885254,514180992,31472781161.6,"2017-08-26T23:59:59.999Z"
369.4729919434,388.7479858398,361.9710083008,378.4849853516,1333319936,35705639884.6,"2017-08-30T23:59:59.999Z"
350.2290039063,366.4869995117,332.2319946289,347.4840087891,986265984,32807142041.2,"2017-09-03T23:59:59.999Z"
313.8020019531,334.657989502,313.4899902344,334.3380126953,1058830016,31584914370.2,"2017-09-06T23:59:59.999Z"
294.0639953613,294.7640075684,268.9729919434,288.7470092773,698326016,27300089799.4,"2017-09-10T23:59:59.999Z"
276.5870056152,280.8399963379,213.9080047607,213.9080047607,1184589952,20240633669.4,"2017-09-14T23:59:59.999Z"
252.2270050049,293.4970092773,252.2270050049,293.4970092773,1127750016,27794233413.2,"2017-09-18T23:59:59.999Z"
258.1140136719,270.5400085449,256.2179870605,264.3099975586,430080992,25049676631.9,"2017-09-22T23:59:59.999Z"
292.3460083008,293.75,287.0199890137,287.4379882813,345800992,27259015800.1,"2017-09-26T23:59:59.999Z"
291.4769897461,303.9639892578,291.1119995117,301.4649963379,332439008,28607406297.7,"2017-09-30T23:59:59.999Z"
297.483001709,300.1109924316,288.1329956055,292.4630126953,321680000,27766443809.3,"2017-10-03T23:59:59.999Z"
308.891998291,313.1300048828,304.9750061035,311.1239929199,342204992,29557048402.5,"2017-10-07T23:59:59.999Z"
301.1809997559,304.3900146484,299.0960083008,303.4559936523,264146000,28847211567.6,"2017-10-11T23:59:59.999Z"
339.5289916992,342.717010498,320.4270019531,336.5950012207,635406976,32018244067.1,"2017-10-15T23:59:59.999Z"
314.5379943848,316.7139892578,305.8280029297,308.0880126953,349830016,29330304837.3,"2017-10-19T23:59:59.999Z"
295.0960083008,295.7479858398,277.575012207,286.950012207,482336000,27341319875.9,"2017-10-23T23:59:59.999Z"
298.0220031738,301.0660095215,295.2229919434,296.5270080566,270272992,28271925665.9,"2017-10-26T23:59:59.999Z"
304.7820129395,310.4960021973,304.3519897461,307.7510070801,331441984,29367079932.6,"2017-10-30T23:59:59.999Z"
288.4970092773,308.3129882813,287.6929931641,305.7109985352,646339968,29197317355.4,"2017-11-03T23:59:59.999Z"
298.5679931641,304.842010498,290.766998291,294.658996582,540766016,28165778801.2,"2017-11-07T23:59:59.999Z"
298.5859985352,319.4530029297,298.191986084,314.6809997559,842300992,30105285828.4,"2017-11-11T23:59:59.999Z"
337.9639892578,340.9119873047,329.8129882813,333.3569946289,722665984,31919060540,"2017-11-15T23:59:59.999Z"
347.4010009766,371.2909851074,344.7399902344,354.3859863281,1181529984,33961430090,"2017-11-19T23:59:59.999Z"
360.3120117188,381.4200134277,360.1470031738,380.6520080566,800819008,36501878924.8,"2017-11-22T23:59:59.999Z"
465.9739990234,472.7229919434,451.6059875488,471.3299865723,1197779968,45235644661.6,"2017-11-26T23:59:59.999Z"
431.2149963379,465.4970092773,401.2430114746,447.1140136719,1903040000,42947937239,"2017-11-30T23:59:59.999Z"
466.0539855957,474.7770080566,453.3120117188,470.2040100098,1005550016,45204145124.6,"2017-12-04T23:59:59.999Z"
434.9890136719,466.0620117188,422.3670043945,456.0310058594,2336379904,43879256076.4,"2017-12-08T23:59:59.999Z"
522.2860107422,657.3179931641,504.4939880371,651.4310302734,5179829760,62733982231.6,"2017-12-12T23:59:59.999Z"
696.3759765625,697.132019043,621.0609741211,684.4479980469,2758710016,65956174320.9,"2017-12-15T23:59:59.999Z"
793.9010009766,881.9439697266,785.3419799805,826.8229980469,4096549888,79743740361.5,"2017-12-19T23:59:59.999Z"
681.3159790039,763.8950195313,679.7310180664,719.3870239258,2480339968,69441297649.2,"2017-12-23T23:59:59.999Z"
774.9699707031,789.2529907227,738.4130249023,762.8419799805,2100029952,73698377069.6,"2017-12-27T23:59:59.999Z"
712.2119750977,760.3480224609,710.1190185547,756.7329711914,2554269952,73170170967.3,"2017-12-31T23:59:59.999Z"
961.7130126953,1045.0799560547,946.0859985352,980.9219970703,6502859776,94924308782.9,"2018-01-04T23:59:59.999Z"
1158.2600097656,1266.9300537109,1016.049987793,1148.5300292969,8450970112,111244629093,"2018-01-08T23:59:59.999Z"
1268.0899658203,1337.3000488281,1135.1700439453,1154.9300537109,7235899904,111937424561,"2018-01-11T23:59:59.999Z"
1365.2099609375,1390.5899658203,1290.5999755859,1291.9200439453,4781100032,125319766537,"2018-01-15T23:59:59.999Z"
1028.8199462891,1093.2199707031,1003.7100219727,1039.0999755859,4084450048,100883462786,"2018-01-19T23:59:59.999Z"
1004.1699829102,1023.2299804688,920.5399780273,986.2290039063,3556699904,95831359552.3,"2018-01-23T23:59:59.999Z"
1055.75,1121.9799804688,1042.1199951172,1107.0699462891,3002870016,107663911307,"2018-01-27T23:59:59.999Z"
1071.0899658203,1128.6600341797,1034.5,1118.3100585938,3757560064,108848638400,"2018-01-31T23:59:59.999Z"
964.6669921875,969.0319824219,805.0640258789,834.6820068359,2997090048,81310521832.3,"2018-02-04T23:59:59.999Z"
790.4279785156,851.200012207,723.4329833984,757.0679931641,3896179968,73796288509,"2018-02-07T23:59:59.999Z"
859.2880249023,859.2880249023,788.2219848633,814.6599731445,2486650112,79476512346.9,"2018-02-11T23:59:59.999Z"
923.7280273438,951.9479980469,911.1110229492,936.9760131836,2900100096,91485862822,"2018-02-15T23:59:59.999Z"
921.6680297852,957.7769775391,921.5540161133,943.8649902344,2169019904,92235641556,"2018-02-19T23:59:59.999Z"
811.5850219727,886.3179931641,794.791015625,864.1890258789,2334820096,84520567484.8,"2018-02-23T23:59:59.999Z"
870.3649902344,896.258972168,867.0969848633,878.2650146484,2053980032,85968788107.6,"2018-02-27T23:59:59.999Z"
871.7639770508,876.3779907227,852.4219970703,856.8530273438,1894419968,83925690000.9,"2018-03-02T23:59:59.999Z"
853.8170166016,853.8170166016,809.9310302734,816.9509887695,1943069952,80083929890.6,"2018-03-06T23:59:59.999Z"
730.1599731445,748.0310058594,682.6950073242,686.8900146484,1532960000,67390487259,"2018-03-10T23:59:59.999Z"
691.2189941406,702.783996582,594.0999755859,614.291015625,1810560000,60318025225.7,"2018-03-14T23:59:59.999Z"
551.6400146484,551.6400146484,460.0880126953,538.6439819336,2685499904,52934184182,"2018-03-18T23:59:59.999Z"
562.1030273438,577.5659790039,523.0889892578,539.7020263672,1523459968,53082150649.3,"2018-03-22T23:59:59.999Z"
524.2869873047,526.3790283203,470.4400024414,489.9509887695,1638880000,48228842327.3,"2018-03-26T23:59:59.999Z"
448.075012207,450.8129882813,385.8129882813,385.9679870605,1970230016,38016727208.9,"2018-03-29T23:59:59.999Z"
379.699005127,395.1709899902,377.5929870605,386.424987793,1102259968,38093277842.3,"2018-04-02T23:59:59.999Z"
382.7309875488,385.1950073242,366.9110107422,370.2850036621,967105984,36532478895.9,"2018-04-06T23:59:59.999Z"
399.4110107422,415.8880004883,393.8789978027,414.2430114746,1196000000,40903130395.8,"2018-04-10T23:59:59.999Z"
492.5799865723,512.0239868164,488.2789916992,501.4779968262,1519079936,49557725332.8,"2018-04-14T23:59:59.999Z"
503.3089904785,525.0919799805,503.0450134277,524.7890014648,1762940032,51904227886.3,"2018-04-18T23:59:59.999Z"
616.0040283203,621.8880004883,578.549987793,605.3950195313,2612460032,59913832193.8,"2018-04-21T23:59:59.999Z"
707.0620117188,707.0620117188,600.2119750977,615.416015625,4216140032,60955966710.5,"2018-04-25T23:59:59.999Z"
683.9119873047,697.7559814453,670.5130004883,688.8809814453,2740559872,68289153705.5,"2018-04-29T23:59:59.999Z"
686.591003418,784.341003418,686.591003418,779.5430297852,4210939904,77340839220,"2018-05-03T23:59:59.999Z"
793.3389892578,795.7579956055,710.1779785156,753.7249755859,4316120064,74841655792.1,"2018-05-07T23:59:59.999Z"
727.0130004883,736.9769897461,669.825012207,679.5859985352,3290080000,67535702572.4,"2018-05-11T23:59:59.999Z"
731.1430053711,739.0520019531,700.9949951172,708.8709716797,2523069952,70504110200.8,"2018-05-15T23:59:59.999Z"
672.1019897461,695.0310058594,663.8090209961,694.3670043945,2305740032,69104455848.8,"2018-05-18T23:59:59.999Z"
700.1779785156,700.9760131836,644.0260009766,647.741027832,2230469888,64517663406.1,"2018-05-22T23:59:59.999Z"
587.4260253906,606.174987793,583.5120239258,587.2800292969,1694300032,58544016480.6,"2018-05-26T23:59:59.999Z"
566.8300170898,583.1359863281,545.4310302734,559.5900268555,2053970048,55829809816.9,"2018-05-30T23:59:59.999Z"
591.258972168,624.5130004883,591.258972168,618.3289794922,1832550016,61740821845.6,"2018-06-03T23:59:59.999Z"
607.6870117188,616.1439819336,601.6929931641,605.1870117188,1880140032,60478879394.6,"2018-06-07T23:59:59.999Z"
524.8569946289,536.8579711914,515.2689819336,533.283996582,1982119936,53337466294.1,"2018-06-11T23:59:59.999Z"
478.3810119629,523.5449829102,467.466003418,519.7420043945,2458650112,52015066663.3,"2018-06-14T23:59:59.999Z"
499.3829956055,521.7960205078,494.0660095215,518.8909912109,1513869952,51972519170.6,"2018-06-18T23:59:59.999Z"
527.1939697266,527.1939697266,456.8770141602,465.816986084,2226030080,46694859627.8,"2018-06-22T23:59:59.999Z"
460.733001709,461.2130126953,432.7720031738,432.7720031738,1356560000,43417898247.6,"2018-06-26T23:59:59.999Z"
436.2090148926,458.7969970703,436.2090148926,455.1799926758,1475939968,45703302056.4,"2018-06-30T23:59:59.999Z"
464.1510009766,481.4360046387,455.1849975586,467.3179931641,1549769984,46960391870.5,"2018-07-04T23:59:59.999Z"
474.0570068359,491.6600036621,466.8359985352,491.6600036621,1358360064,49436674024.9,"2018-07-07T23:59:59.999Z"
434.5150146484,447.3160095215,429.5069885254,446.5180053711,1422470016,44934271235.3,"2018-07-11T23:59:59.999Z"
435.8829956055,454.0010070801,433.9209899902,449.8500061035,1350160000,45306414380.4,"2018-07-15T23:59:59.999Z"
480.6279907227,483.2399902344,465.141998291,469.6189880371,2068739968,47335899963,"2018-07-19T23:59:59.999Z"
459.4389953613,469.7659912109,449.7279968262,450.8529968262,1596999936,45481301491,"2018-07-23T23:59:59.999Z"
464.0090026855,473.2219848633,458.2909851074,469.6659851074,1734259968,47417755376.4,"2018-07-27T23:59:59.999Z"
457.245,457.245,430.444,433.867,1820680000,43839034236.6,"2018-07-31T23:59:59.999Z"
412.567,420.549,399.91,418.262,1722340000,42287977978.1,"2018-08-03T23:59:59.999Z"
406.801,411.405,376.077,380.215,1828350000,38472420232.6,"2018-08-07T23:59:59.999Z"
334.264,334.264,308.488,322.112,1790370000,32619681420.3,"2018-08-11T23:59:59.999Z"
280.387,303.59,280.119,282.364,1878150000,28617473115.7,"2018-08-15T23:59:59.999Z"
295.67,307.098,291.332,300.834,1447910000,30514025773.7,"2018-08-19T23:59:59.999Z"
271.748,279.546,271.09,277.104,1271160000,28129662664.2,"2018-08-23T23:59:59.999Z"
279.525,279.525,272.444,275.197,1206650000,27953028997.1,"2018-08-26T23:59:59.999Z"
289.753,291.243,275.211,284.105,1513100000,28881058148.3,"2018-08-30T23:59:59.999Z"
295.181,295.591,287.432,289.259,1394490000,29428616901.4,"2018-09-03T23:59:59.999Z"
229.535,233.896,217.075,217.203,1678260000,22115522904.4,"2018-09-07T23:59:59.999Z"
198.177,198.506,180.596,185.066,1568900000,18858381965.7,"2018-09-11T23:59:59.999Z"
209.814,226.604,209.606,223.074,1670490000,22749647320.9,"2018-09-15T23:59:59.999Z"
209.472,213.871,201.656,209.969,1733330000,21430323331,"2018-09-19T23:59:59.999Z"
247.337,251.196,233.81,240.48,1921820000,24559189741.1,"2018-09-22T23:59:59.999Z"
218.647,221.437,209.113,215.847,1756100000,22061164303.3,"2018-09-26T23:59:59.999Z"
231.329,236.986,228.445,232.848,1765560000,23817805502.1,"2018-09-30T23:59:59.999Z"
220.446,226.148,220.09,222.218,1479500000,22748580858.8,"2018-10-04T23:59:59.999Z"
226.509,230.765,224.557,229.255,1470740000,23487672999.7,"2018-10-08T23:59:59.999Z"
188.707,199.401,188.707,196.727,1487900000,20171157773.8,"2018-10-12T23:59:59.999Z"
195.27,222.118,194.159,209.704,2865830000,21514574461.5,"2018-10-15T23:59:59.999Z"
203.257,204.663,201.844,203.727,1264480000,20917973392.6,"2018-10-19T23:59:59.999Z"
204.016,205.151,201.911,204.336,1237490000,20997181867.2,"2018-10-23T23:59:59.999Z"
203.356,206.082,203.126,204.21,1084810000,21000852986.6,"2018-10-27T23:59:59.999Z"
197.649,198.338,196.531,197.381,1442380000,20314628127.2,"2018-10-31T23:59:59.999Z"
200.158,211.272,198.986,207.486,1749300000,21371416840.4,"2018-11-04T23:59:59.999Z"
217.327,218.338,212.199,212.231,1769080000,21877424056.9623,"2018-11-08T23:59:59.999Z"
212.479,212.999,208.868,211.34,1501600000,21798464880.6961,"2018-11-11T23:59:59.999Z"
181.899,184.251,170.189,180.806,2638410000,18663659629.0191,"2018-11-15T23:59:59.999Z"
177.179,177.179,147.851,149.175,2745160000,15410551811.3501,"2018-11-19T23:59:59.999Z"
126.419,127.028,119.559,123.296,1998010000,12747016419.385,"2018-11-23T23:59:59.999Z"
107.913,111.842,102.452,110.01,2320010000,11382216772.81,"2018-11-27T23:59:59.999Z"
113.397761799,120.841453719,111.619121681,118.635558644,2131475767.65,12284117522.0051,"2018-12-01T23:59:59.999Z"
110.335517946,110.598606704,102.475555559,102.475555559,1990157607.46,10618884099.1403,"2018-12-05T23:59:59.999Z"
93.4100783452,97.0598805676,86.8256658173,92.1596396877,1855759401.15,9555327945.88673,"2018-12-08T23:59:59.999Z"
88.610703388,92.2405522778,88.2635593472,90.5933019065,1533050103.47,9400044026.00045,"2018-12-12T23:59:59.999Z"
84.4694065515,87.5681237843,84.4694065515,85.2620969271,1565817037.1,8853567310.96731,"2018-12-16T23:59:59.999Z"
101.090438108,117.170126749,100.63995804,116.21687011,3063842618.2,12076674310.4854,"2018-12-20T23:59:59.999Z"
130.641669901,157.668703493,130.641669901,140.23800256,4370343386.79,14583457939.4692,"2018-12-24T23:59:59.999Z"
116.898198052,137.647013306,115.693132487,137.647013306,3130201009.41,14324511544.327,"2018-12-28T23:59:59.999Z"
140.031074433,140.181156945,132.519392448,133.368263445,2358360233.97,13886837729.6685,"2018-12-31T23:59:59.999Z"
148.912894276,156.878975599,147.907099008,154.58194227,3126192535.1,16107068093.0135,"2019-01-04T23:59:59.999Z"
151.967542981,153.625779826,148.669535562,150.359633438,2459808140.32,15677889901.9284,"2019-01-08T23:59:59.999Z"
127.528082611,128.666126333,125.446757343,125.9665328,2212109224.41,13143426379.4793,"2019-01-12T23:59:59.999Z"
121.809242251,127.11825062,121.441416987,123.547061541,2746469339.75,12899812275.3187,"2019-01-16T23:59:59.999Z"
124.632400648,125.070389929,118.702325271,119.474828958,2964108269.11,12483136112.3603,"2019-01-20T23:59:59.999Z"
117.462784971,118.032106999,116.006798483,117.362886414,2520843419.62,12269992351.2449,"2019-01-24T23:59:59.999Z"
116.510314866,116.685408284,113.405291898,113.405291898,2775888287,11861671822.0094,"2019-01-27T23:59:59.999Z"
108.900771037,110.458358316,106.525353422,107.061013064,2828796030.76,11204735502.2036,"2019-01-31T23:59:59.999Z"
107.625821506,108.701035341,107.0674205,107.821603427,2491888674.8,11290969363.787,"2019-02-04T23:59:59.999Z"
104.64504714,119.805812612,104.194436464,119.267748863,3656841346.52,12496945335.9863,"2019-02-08T23:59:59.999Z"
121.178576446,123.468300517,119.600025482,122.572291057,3149576428.84,12849965121.4603,"2019-02-12T23:59:59.999Z"
122.396455412,124.134810936,122.295306012,123.260213055,2905833287.21,12928550183.5014,"2019-02-16T23:59:59.999Z"
146.398819478,149.929977739,145.12846693,145.346183571,5310842625.39,15250901018.9975,"2019-02-19T23:59:59.999Z"
148.676621979,159.125870299,147.331060175,158.79542978,4519468458.35,16670632412.0171,"2019-02-23T23:59:59.999Z"
138.029574485,141.336229867,131.602922222,136.125954509,4469776860.48,14298070643.689,"2019-02-27T23:59:59.999Z"
134.78612266,135.849285216,131.328863606,132.249417118,3454374052.6,13900679027.0155,"2019-03-03T23:59:59.999Z"
138.942376525,140.857880882,137.273137566,138.03450239,4339206292.24,14513398953.9832,"2019-03-07T23:59:59.999Z"
136.849534965,137.353414724,133.102802887,133.83403156,4689807418.79,14079044647.9084,"2019-03-11T23:59:59.999Z"
133.567152422,138.395137565,133.567152422,137.691783786,4506861856.05,14492364550.8005,"2019-03-15T23:59:59.999Z"
140.104859119,142.267216974,138.841560382,139.374600609,4551739878.98,14675181093.7188,"2019-03-18T23:59:59.999Z"
136.562262353,138.794298275,136.228609854,137.181435033,4490899265.96,14451740115.1843,"2019-03-22T23:59:59.999Z"
135.0543259,135.460352857,133.757344445,135.460352857,4499271678.92,14277816265.9858,"2019-03-26T23:59:59.999Z"
142.359143736,149.613229156,141.031743756,142.092680619,5144662126.51,14984615423.234,"2019-03-30T23:59:59.999Z"
164.008634378,178.322057328,157.322144075,161.458801333,10622456246.12,17035703563.9328,"2019-04-03T23:59:59.999Z"
165.977241502,175.2131711,164.932095966,174.531647379,7596176019.73,18424576820.4212,"2019-04-07T23:59:59.999Z"
177.342765317,177.487485238,162.320611488,165.49701739,7859383417.27,17479876008.06,"2019-04-11T23:59:59.999Z"
164.476088004,168.591039513,162.781475708,167.838520685,4846298303.14,17734050268.5497,"2019-04-14T23:59:59.999Z"
166.913203037,175.365330194,166.672111878,173.814032352,6971581464.43,18374913022.0991,"2019-04-18T23:59:59.999Z"
170.017484048,173.069116345,168.729556071,171.874669558,6094878077.1,18179292262.6536,"2019-04-22T23:59:59.999Z"
154.579432331,158.029006595,152.08567446,156.347087281,7505283355.03,16545462357.3185,"2019-04-26T23:59:59.999Z"
155.172778544,162.432246964,155.172778544,162.166037089,6275803460,17170110492.6186,"2019-04-30T23:59:59.999Z"
167.887214645,170.645927759,161.79142846,164.026580539,6658100048.67,17376070197.628,"2019-05-04T23:59:59.999Z"
172.427274512,180.394408014,169.694712036,169.798657365,8411140169.71,17994460618.5493,"2019-05-07T23:59:59.999Z"
173.139317933,203.466638811,173.139317933,194.304341538,12578331654.26,20602050120.0543,"2019-05-11T23:59:59.999Z"
217.010116931,247.446589145,216.822117009,247.153065441,13460006533.86,26219111162.4131,"2019-05-15T23:59:59.999Z"
234.449464995,263.740987331,233.758674382,261.292219263,12049250893.84,27733299057.1267,"2019-05-19T23:59:59.999Z"
244.665121533,247.61663148,233.793092876,245.965672113,10671663487.35,26119891327.4058,"2019-05-23T23:59:59.999Z"
267.141883996,278.50725112,265.444697967,272.86264362,12074664735.62,28991071395.5429,"2019-05-27T23:59:59.999Z"
256.015274453,268.659941413,249.111850141,268.113560321,11255023514.71,28501098830.8551,"2019-05-31T23:59:59.999Z"
270.088546982,270.334115053,251.26219115,252.607929766,9375712916.61,26863086906.2859,"2019-06-03T23:59:59.999Z"
249.335288129,254.352288864,246.597903606,250.930360395,8379534527.81,26698353829.5767,"2019-06-07T23:59:59.999Z"
247.862122482,248.66257562,239.82534228,245.781827855,7382269700.39,26163906568.7401,"2019-06-11T23:59:59.999Z"
263.934134006,271.505576065,262.121225021,269.019322335,8126853943.63,28652203066.5422,"2019-06-15T23:59:59.999Z"
269.407865566,274.073530845,265.500447699,271.695017157,6408981097.05,28955655289.9731,"2019-06-20T23:59:59.999Z"
307.722135498,312.329349213,299.559549792,310.424669171,8205712062.09,33100160024.2527,"2019-06-24T23:59:59.999Z"
336.959911227,343.433445495,278.573230139,294.267645009,14038092502.55,31389390614.5995,"2019-06-27T23:59:59.999Z"
290.268491537,301.026159242,280.022842134,293.641117329,10292223947.84,31338571563.3304,"2019-07-01T23:59:59.999Z"
284.380927263,293.921154105,282.694706479,287.997523405,8723493015.22,30751916426.8749,"2019-07-05T23:59:59.999Z"
313.325173588,318.223115908,305.285813862,308.881016742,10055159802.71,32998749927.8766,"2019-07-09T23:59:59.999Z"
276.28911624,276.685236276,263.068267434,269.458810608,6716829429.13,28801816022.8443,"2019-07-13T23:59:59.999Z"
199.066791684,217.975626787,193.990421655,211.484962906,9387747639.67,22616651113.7996,"2019-07-17T23:59:59.999Z"
229.167698179,229.861662655,219.027759425,225.630768716,6685082868.05,24141704293.3343,"2019-07-21T23:59:59.999Z"
212.5538175,217.535432639,203.893403399,217.046368323,7168982842.86,23232101232.4682,"2019-07-24T23:59:59.999Z"
207.413777385,212.041834412,202.252898795,211.186552032,5504887933.63,22616386468.2393,"2019-07-28T23:59:59.999Z"
218.554589582,218.812658568,212.914499835,217.808443355,5965442642.12,23337361748.8686,"2019-08-01T23:59:59.999Z"
222.650882153,235.63528145,222.603887057,234.215027081,7765060287.49,25108076876.4348,"2019-08-05T23:59:59.999Z"
220.908646203,221.364338721,208.245979147,210.48891334,6964818794.94,22576055651.279,"2019-08-09T23:59:59.999Z"
211.342700942,211.384412669,205.422496818,208.709040675,5946313204.83,22396531008.8286,"2019-08-13T23:59:59.999Z"
188.644251454,188.905599193,180.384837452,185.4400734,7133915837.21,19907120203.8354,"2019-08-16T23:59:59.999Z"
202.813142758,203.015987478,195.619541613,196.565408066,6408417609.56,21112106338.601,"2019-08-20T23:59:59.999Z"
194.671637602,194.784993925,187.627260827,191.289562719,6249737981.87,20555802874.0923,"2019-08-24T23:59:59.999Z"
187.495500936,187.93087296,172.185606116,173.88997343,6696604087.31,18695530287.217,"2019-08-28T23:59:59.999Z"
172.458407973,173.696854992,169.531274449,171.629420013,5554799575.86,18461846967.6036,"2019-09-01T23:59:59.999Z"
175.966277315,176.163911931,171.746826263,174.217126821,5589476515.73,18749645579.3166,"2019-09-05T23:59:59.999Z"
181.362484764,184.149466801,177.419350194,181.149467473,7232938985.22,19505534124.1163,"2019-09-09T23:59:59.999Z"
178.803768356,181.998565037,177.847316437,181.01609158,5838605476.61,19498542851.5573,"2019-09-12T23:59:59.999Z"
189.689334763,198.204978147,189.689334763,197.113177378,8242029487.85,21243167876.5924,"2019-09-16T23:59:59.999Z"
221.069630368,221.598551099,215.159640868,218.050055201,8027974272.75,23511410671.2305,"2019-09-20T23:59:59.999Z"
201.842085557,203.500544461,162.727787867,168.110736232,11757739233.12,18135747380.4531,"2019-09-24T23:59:59.999Z"
174.680832614,175.778730451,170.773953527,174.572891745,6895423445.15,18842313324.3151,"2019-09-28T23:59:59.999Z"
177.224053284,180.826121784,175.33427466,180.710506299,6335595249.54,19514521236.1805,"2019-10-02T23:59:59.999Z"
176.364384214,177.364545406,171.299780406,173.059144782,5852890673.67,18697637484.0571,"2019-10-06T23:59:59.999Z"
182.036297684,194.300496365,180.668441732,193.293257938,9088122101.43,20891536594.5492,"2019-10-09T23:59:59.999Z"
180.861314449,185.075920005,180.317159409,182.075152956,6733182272.99,19688808993.7047,"2019-10-13T23:59:59.999Z"
175.906894241,178.899551464,174.565826716,178.028348281,6737237422.59,19260755682.183,"2019-10-17T23:59:59.999Z"
175.524753686,177.741727183,173.287744022,174.920987616,6815820627.4,18933882640.4166,"2019-10-21T23:59:59.999Z"
162.189716575,183.000118051,161.966017039,181.523214189,10358594018.04,19658140298.7604,"2019-10-25T23:59:59.999Z"
182.670386019,191.846761455,182.364369327,190.342582145,10622761957.61,20623205053.7217,"2019-10-29T23:59:59.999Z"
183.803690756,185.059713079,181.094492084,183.969902446,9145611130.24,19940014310.5249,"2019-11-01T23:59:59.999Z"
186.309310325,191.257831666,184.331984425,189.304170553,10024177342.26,20528094420.2551,"2019-11-05T23:59:59.999Z"
184.311722495,185.838538565,183.902230949,185.028722122,7277418704.14,20074095541.1634,"2019-11-09T23:59:59.999Z"
186.942441671,189.331878003,185.937949171,188.258745224,7343173595.62,20434064781.4449,"2019-11-13T23:59:59.999Z"
183.350825286,188.191346079,182.336800497,185.119235523,7364325470.86,20102654600.778,"2019-11-17T23:59:59.999Z"
175.673600001,176.209206597,159.365129955,161.462725503,8546371324.81,17541867625.6188,"2019-11-21T23:59:59.999Z"
142.697001106,150.20796929,133.802337987,146.476535696,10962753356.22,15921080564.3907,"2019-11-25T23:59:59.999Z"
153.069243365,156.61359186,151.091123923,151.717573997,7346531960.15,16496129469.801,"2019-11-28T23:59:59.999Z"
151.175477999,152.116960828,147.606802776,149.059152693,6670561362.04,16214125031.9422,"2019-12-02T23:59:59.999Z"
149.396488916,149.670523552,147.606520714,149.194447774,6458766440.82,16235876300.527,"2019-12-06T23:59:59.999Z"
148.179858747,148.564463566,144.907955651,146.267046031,6859512024.66,15924221614.0148,"2019-12-10T23:59:59.999Z"
144.953417715,145.529079348,142.434559895,142.869227238,7048066972.93,15560820322.603,"2019-12-14T23:59:59.999Z"
122.656835836,133.394160052,119.780058221,133.092194403,11864518320.54,14501554619.9584,"2019-12-18T23:59:59.999Z"
129.095966121,129.147662646,127.612089859,128.13094934,7449064703.41,13964992761.0441,"2019-12-21T23:59:59.999Z"
129.068500954,129.068500954,124.885489957,126.454637577,8418019053.71,13787538200.3839,"2019-12-25T23:59:59.999Z"
128.266871385,136.81119671,127.997655519,134.757985408,9708776785.73,14698483422.0906,"2019-12-29T23:59:59.999Z"
130.820037712,130.820037712,126.954910696,127.410182379,8032709256.08,13902505466.2437,"2020-01-02T23:59:59.999Z"
136.305547376,144.328182399,136.079631955,144.30415371,9093747120.54,15753803339.942,"2020-01-06T23:59:59.999Z"
138.967043356,144.167321507,135.5203966,143.963781218,9084816202.77,15724494552.6748,"2020-01-10T23:59:59.999Z"
144.25104879,167.681553672,144.0649254,165.955358611,16712318373.02,18135588270.9266,"2020-01-14T23:59:59.999Z"
164.489378644,173.069206686,162.775606044,170.77995796,14997091825.88,18669811575.9153,"2020-01-17T23:59:59.999Z"
167.060471487,169.910115785,165.819719081,169.69716391,9789369362.47,18560711557.1284,"2020-01-21T23:59:59.999Z"
163.067289351,163.22722698,158.632477426,161.283936353,8256956801.64,17649296255.9479,"2020-01-25T23:59:59.999Z"
176.347887584,178.842968644,175.050337929,175.050337929,10725267310.6,19165292202.1875,"2020-01-29T23:59:59.999Z"
183.53250583,193.080396944,180.173943963,188.617538168,14054425388.91,20660936266.9287,"2020-02-02T23:59:59.999Z"
204.129695369,214.597709717,201.90407252,212.339079745,16425589682.52,23270983771.9064,"2020-02-06T23:59:59.999Z"
228.549129167,229.184608833,218.080052078,223.52269963,16210008511.5,24508831902.9171,"2020-02-10T23:59:59.999Z"
265.052689901,273.741056753,258.922506086,268.099256044,25801317504.31,29407537084.1234,"2020-02-13T23:59:59.999Z"
259.890552078,266.871240875,244.335323068,266.363446303,26024080088.85,29231690264.404,"2020-02-17T23:59:59.999Z"
257.891124589,267.004846018,255.689093416,265.600612524,20867593292.24,29162464509.1563,"2020-02-21T23:59:59.999Z"
265.283387365,265.431474789,246.858998262,247.817592279,21878882134.05,27223398194.7017,"2020-02-25T23:59:59.999Z"
226.83344436,232.256629075,219.84851255,219.84851255,18181296376.35,24162913195.453,"2020-02-29T23:59:59.999Z"
224.565344516,228.040421197,222.088881473,224.517976367,16567075208.06,24688386921.3985,"2020-03-04T23:59:59.999Z"
243.750192697,249.978491516,237.551288703,237.853095033,19431652027.37,26164459703.9251,"2020-03-07T23:59:59.999Z"
200.768029684,202.954304117,184.362157522,194.868528471,16984790291.26,21446678546.1607,"2020-03-11T23:59:59.999Z"
123.24606626,132.24214741,121.853652559,125.214304313,12719251812.55,13787534423.1597,"2020-03-15T23:59:59.999Z"
114.839824562,140.527718816,114.732866412,136.593857971,16396753275.29,15048018840.04,"2020-03-19T23:59:59.999Z"
123.365981102,134.911612009,121.867883775,134.911612009,14149877968.15,14870079034.5566,"2020-03-23T23:59:59.999Z"
138.369931635,139.902697099,133.937940192,133.937940192,11396286629.3,14770071749.7382,"2020-03-27T23:59:59.999Z"
132.820922397,134.274135643,131.652891555,133.593565057,11065246316.98,14739376437.832,"2020-03-31T23:59:59.999Z"
142.11045061,146.899878532,139.619379341,142.091309874,13184603401.92,15682757537.5282,"2020-04-03T23:59:59.999Z"
169.147453326,175.204131815,164.20331987,165.101942525,21659346091.32,18231455421.9281,"2020-04-07T23:59:59.999Z"
158.538984729,161.167573317,155.298342395,158.216023679,13555089447.11,17479687023.2083,"2020-04-11T23:59:59.999Z"
157.565643197,160.711126485,152.802835953,153.286892905,14171753736.53,16943501885.9061,"2020-04-15T23:59:59.999Z"
186.861986935,188.098920658,180.120819808,181.614959142,19146038381.45,20084614446.186,"2020-04-19T23:59:59.999Z"
182.620173958,189.088865141,180.340651649,185.028670833,21275740032.23,20472236139.292,"2020-04-23T23:59:59.999Z"
195.413589078,199.344968717,194.768072729,197.317530184,18335367011.64,21839976556.7041,"2020-04-26T23:59:59.999Z"
216.909133825,227.529689912,206.436924411,207.602055895,28089191904,22989647064.8035,"2020-04-30T23:59:59.999Z"
210.89085707,211.828387957,199.047730971,208.174010942,22602446421.77,23064379025.3469,"2020-05-04T23:59:59.999Z"
212.198234909,216.32768868,208.830737701,212.991579806,20445139356.33,23609735113.4268,"2020-05-08T23:59:59.999Z"
185.877340106,191.60134408,185.701797601,189.312502269,15899726283.76,20995260628.8043,"2020-05-12T23:59:59.999Z"
195.613392471,202.771197451,194.501589623,200.677118596,15379081644.71,22266558227.0629,"2020-05-16T23:59:59.999Z"
213.446235987,214.716819768,207.975820963,210.096735593,12730175510.56,23323160696.2645,"2020-05-20T23:59:59.999Z"
207.194488408,210.386456132,205.294214505,208.694402844,10665476767.64,23176030658.6082,"2020-05-23T23:59:59.999Z"
201.893006735,208.863429364,201.785061228,208.863429364,10631034756.45,23206144127.4458,"2020-05-27T23:59:59.999Z"
242.351384355,244.045261307,230.052831272,230.975700856,12234904813.34,25675542328.5429,"2020-05-31T23:59:59.999Z"
244.10528023,245.928972375,236.765302945,244.426387575,10170414303.53,27184018611.4984,"2020-06-04T23:59:59.999Z"
245.178572826,246.644197314,241.542183588,246.309898559,8076783298.95,27406923225.6,"2020-06-08T23:59:59.999Z"
231.625462209,239.354687088,229.64505836,237.493210284,8868955009.12,26438827419.6395,"2020-06-12T23:59:59.999Z"
234.058302429,234.237839308,221.241757979,229.928901759,10536099884.12,25606145743.4091,"2020-06-15T23:59:59.999Z"
231.954971097,232.154108026,226.795185699,227.138289785,6946372589.53,25307718819.0129,"2020-06-19T23:59:59.999Z"
242.537021612,244.864415389,239.759728576,244.142144306,6624530348.24,27215606543.0927,"2020-06-23T23:59:59.999Z"
229.631491261,232.493416655,220.564568586,222.959785939,6918380954.97,24866429444.8032,"2020-06-27T23:59:59.999Z"
226.134585409,232.756119421,224.835737857,231.113421712,6463737442.75,25788404349.8574,"2020-07-01T23:59:59.999Z"
228.976197947,229.856724001,224.544490381,227.664598709,5292172428.83,25415950648.5611,"2020-07-05T23:59:59.999Z"
246.748290882,247.291668553,239.898645911,243.015967829,8429099198.82,27143016879.0994,"2020-07-09T23:59:59.999Z"
239.459633832,243.311135946,237.770210731,242.131695235,6596394717.64,27054158345.9268,"2020-07-12T23:59:59.999Z"
238.450915595,239.00625292,231.621168905,233.640883013,5832057567.03,26118155895.4767,"2020-07-16T23:59:59.999Z"
238.49487642,239.576253504,234.85264297,236.153167708,5600686192.18,26411853755.5587,"2020-07-20T23:59:59.999Z"
274.722698403,286.192831871,269.239784575,279.215409484,9466060358.16,31243266715.6353,"2020-07-24T23:59:59.999Z"
321.829751647,325.905965506,307.721358662,316.657252341,12357108064.57,35450097600.2147,"2020-07-28T23:59:59.999Z"
345.798601857,388.847974328,343.587434131,385.199719325,14045259476.54,43144477508.4031,"2020-08-01T23:59:59.999Z"
389.710819888,406.303965292,386.218484117,401.59058634,12875466638.43,45002213068.816,"2020-08-05T23:59:59.999Z"
379.551583661,393.987376065,377.349718813,393.987376065,9342060531.02,44166324645.9802,"2020-08-08T23:59:59.999Z"
380.063817832,391.312314585,367.923607786,391.024162058,12408772745.18,43855501071.6031,"2020-08-12T23:59:59.999Z"
433.35059815,436.265828703,415.086255105,433.786609983,12168816874.5,48675162266.8596,"2020-08-16T23:59:59.999Z"
406.758913626,418.734448517,404.026103834,416.439794883,10043032427.16,46751356941.1,"2020-08-20T23:59:59.999Z"
391.678986309,409.388581223,389.314602569,408.144207149,10328860398.43,45842265022.6177,"2020-08-24T23:59:59.999Z"
382.629568423,397.757636387,381.273841602,395.874666093,9120674421.41,44485705031.5215,"2020-08-28T23:59:59.999Z"
428.5090174,438.560318908,419.770175158,435.079745266,12774741797.13,48909170051.9544,"2020-08-31T23:59:59.999Z"
384.671630472,402.411751082,371.636695541,388.241140415,16747106257.37,43665020996.3354,"2020-09-04T23:59:59.999Z"
353.202266511,355.562872591,328.816775373,337.602111896,17991403431.61,37988119626.6691,"2020-09-08T23:59:59.999Z"
374.595383839,387.538444729,367.842207238,387.183109613,13295405814.4,43588199421.8177,"2020-09-12T23:59:59.999Z"
364.743985856,372.767424109,356.682745906,365.812291316,16107612177.06,41202147932.0841,"2020-09-16T23:59:59.999Z"
385.597992859,385.597992859,367.094375211,371.052826188,12292195784.11,41812641074.3416,"2020-09-20T23:59:59.999Z"
320.98503098,351.46148325,318.54509133,349.35558514,15714304469.55,39384347821.51636,"2020-09-24T23:59:59.999Z"
354.95990364,361.98439917,349.8340809,357.43849724,13598126926.22,40309981003.8054,"2020-09-27T23:59:59.999Z"
360.30915387,369.26441153,346.47704424,353.20591482,14679481910.9,39851388059.37965,"2020-10-01T23:59:59.999Z"
352.73681335,355.21408732,349.67990382,353.95677154,11809507621.82,39954971652.353264,"2020-10-05T23:59:59.999Z"
351.11287601,368.31034262,348.20584341,365.59047723,13043501762.91,41287658659.50327,"2020-10-09T23:59:59.999Z"
387.14295868,387.37567314,375.58246671,381.19076126,14226744837.67,43072303017.794106,"2020-10-13T23:59:59.999Z"
366.01571359,369.76813374,364.48902408,368.85594038,10951115359.49,41698592885.62688,"2020-10-17T23:59:59.999Z"
379.71970042,380.76100319,367.60106147,369.13691491,13741586581.76,41745418861.36119,"2020-10-20T23:59:59.999Z"
409.76723415,416.59965573,407.85173005,412.45761883,12201739193.97,46666915712.11682,"2020-10-24T23:59:59.999Z"
403.99708885,408.96473841,381.14631847,388.65077072,15276441134.25,43994384279.67717,"2020-10-28T23:59:59.999Z"
386.5903379,397.11613412,385.16551356,396.35818693,10475146018.4,44888307221.40616,"2020-11-01T23:59:59.999Z"
402.14293982,417.52592866,397.24582788,414.06733818,15440711037.68,46916321971.21267,"2020-11-05T23:59:59.999Z"
453.57415606,457.3496084,435.16388611,444.16305707,13704320629.67,50350406402.27335,"2020-11-09T23:59:59.999Z"
461.00549147,475.21725299,457.29825652,474.62642092,13191505724.74,53829432990.090485,"2020-11-13T23:59:59.999Z"
447.55898086,463.83103894,445.50163163,459.94031258,11441239444.33,52182517296.90649,"2020-11-16T23:59:59.999Z"
471.63145935,513.61033995,471.63145935,509.74457334,18629943296.2,57860686203.59356,"2020-11-20T23:59:59.999Z"
608.5227842,621.17342049,593.83516169,603.89774601,23281758099.84,68580780139.356224,"2020-11-24T23:59:59.999Z"
517.5973661,548.04486042,508.12536163,538.22980058,14770243833.19,61152393529.21103,"2020-11-28T23:59:59.999Z"
587.26159206,604.02247139,578.74101499,598.35234223,16883292129.41,68015797685.32552,"2020-12-02T23:59:59.999Z"
596.5686842,606.79192258,584.41171408,601.90899244,11290893016.09,68452719868.01412,"2020-12-06T23:59:59.999Z"
573.50403889,574.60014515,549.78405605,559.67850106,11672582039.83,63680254164.817955,"2020-12-10T23:59:59.999Z"
568.60986549,593.78124512,564.56599324,589.6632225,9070377861.78,67115726662.02899,"2020-12-13T23:59:59.999Z"
636.15415504,673.83423223,628.74940968,642.86896702,25479532147.2,73206412680.50867,"2020-12-17T23:59:59.999Z"
638.31518077,646.84656496,600.8360442,609.81787165,14419493620.66,69475834114.53963,"2020-12-21T23:59:59.999Z"
611.55459305,633.0614188,605.42441235,626.41070163,13520927699.53,71400061459.62726,"2020-12-25T23:59:59.999Z"
730.35868417,737.95290336,692.14943811,731.52011874,18710683199.36,83420334908.86484,"2020-12-29T23:59:59.999Z"
730.40267329,786.79845753,718.10951748,774.53496804,19740771179.24,88367612520.27962,"2021-01-02T23:59:59.999Z"
1041.49883123,1129.37148825,986.81128264,1100.00609944,41535932781.27,125545618320.15997,"2021-01-05T23:59:59.999Z"
1223.74045255,1303.87183285,1182.27042011,1281.07729102,33233105360.85,146280792179.4133,"2021-01-09T23:59:59.999Z"
1043.74096462,1134.3384897,994.54904335,1130.73940242,30109792795.21,129175741557.3657,"2021-01-13T23:59:59.999Z"
1233.45335847,1265.64469299,1174.38858189,1230.17227237,29258032819.26,140601384429.81976,"2021-01-17T23:59:59.999Z"
1382.68441742,1382.68441742,1098.47618804,1121.57091957,45932464754.21,128249677791.2402,"2021-01-21T23:59:59.999Z"
1390.63987263,1467.78494205,1304.97404441,1324.414778,43565777745.19,151516304275.35352,"2021-01-25T23:59:59.999Z"
1369.08676789,1428.98120793,1292.24007773,1382.52281244,53611955258.83,158238360146.48,"2021-01-29T23:59:59.999Z"
1314.85528255,1373.84580379,1274.35775467,1369.04046855,29210670919.95,156750867717.37,"2021-02-01T23:59:59.999Z"
1594.79333006,1756.51103181,1594.79333006,1718.65087218,40108628453.57,196873128686.52,"2021-02-05T23:59:59.999Z"
1746.92613167,1815.96356989,1711.62055635,1768.03501655,44180727528.56,202625894958.75,"2021-02-09T23:59:59.999Z"
1843.98675965,1871.60354682,1770.61208607,1814.10985253,35359490534.52,208004282357.62,"2021-02-13T23:59:59.999Z"
1781.35009235,1853.66754295,1736.70582293,1848.4582725,35955412703.36,212042961268.08,"2021-02-17T23:59:59.999Z"
1918.67314966,1974.25958766,1890.368116,1935.60106022,23626547717.45,222144116573.88,"2021-02-21T23:59:59.999Z"
1571.47649661,1710.98379492,1511.01896331,1626.57570543,31329000537.33,186743952485.76,"2021-02-24T23:59:59.999Z"
1459.86043474,1468.39151007,1300.47211681,1416.0489059,27637026080.32,162650415374.44,"2021-02-28T23:59:59.999Z"
1574.62376021,1622.95385381,1511.10343348,1541.91428551,22906118717.5,177191062441.39,"2021-03-04T23:59:59.999Z"
1724.22924131,1835.19213274,1670.9419727,1834.72788609,27630991157.89,210939589076.28,"2021-03-08T23:59:59.999Z"
1826.54671296,1839.49727601,1728.9809364,1772.10247833,22435821312.49,203835039480.31,"2021-03-12T23:59:59.999Z"
1792.41376142,1817.0601581,1720.0532081,1806.9717631,23828509589.87,207943962561.62,"2021-03-16T23:59:59.999Z"
1817.52273101,1874.70899723,1811.72869569,1812.63460132,22677674970.21,208693780293.25,"2021-03-20T23:59:59.999Z"
1690.87186951,1725.10880681,1662.53988877,1678.65013849,21998237965.46,193335618290.57,"2021-03-23T23:59:59.999Z"
1703.03611007,1732.82436887,1674.31936833,1716.49461243,18102277710.2,197787142643.22,"2021-03-27T23:59:59.999Z"
1846.09827436,1947.83775303,1793.0022286,1918.36206064,30226902620.88,221151811159.17,"2021-03-31T23:59:59.999Z"
2027.67131232,2110.35341292,2007.11187445,2093.12285275,26006501901.85,241411837678.01,"2021-04-04T23:59:59.999Z"
1969.13320855,2091.51639226,1959.07947518,2088.57365088,25312956528.95,241000078757.85,"2021-04-08T23:59:59.999Z"
2157.36172782,2199.71867311,2110.36896826,2139.35319598,21727936609.45,246975320275.94,"2021-04-12T23:59:59.999Z"
2516.60175792,2547.55559156,2318.67500775,2431.94650379,36196928256.13,280884355081.89,"2021-04-16T23:59:59.999Z"
2238.03276921,2276.77689573,2086.68861894,2166.1887655,34060654971.43,250277144256.91,"2021-04-19T23:59:59.999Z"
2401.25624597,2439.53706204,2117.03966283,2363.58620073,55413933925,273212191168.81,"2021-04-23T23:59:59.999Z"
2534.0313091,2676.39286352,2485.37502475,2662.86524559,32275969214.68,307950352777.12,"2021-04-27T23:59:59.999Z"
2772.83830288,2951.44095688,2755.90842999,2945.89270802,28726205271.99,340840444354.06,"2021-05-01T23:59:59.999Z"
3240.5545932,3541.46264636,3213.10146525,3522.78318978,48334198382.53,407777080466,"2021-05-05T23:59:59.999Z"
3911.46305659,3981.259091,3743.9891129,3928.84470583,50568290277.97,454991994900.07,"2021-05-09T23:59:59.999Z"
4174.63587254,4362.3505418,3785.84860304,3785.84860304,69023382175.45,438585075673.54,"2021-05-12T23:59:59.999Z"
3641.83069793,3878.89597502,3350.95158829,3587.50620646,47359478733.83,415801534961.9,"2021-05-16T23:59:59.999Z"
2439.63869914,2993.14518268,2170.22905763,2784.29415835,67610826679.69,322857390498.81,"2021-05-20T23:59:59.999Z"
2099.93591438,2672.59567001,2090.63957366,2643.5909947,53697121740.17,306684156289.66,"2021-05-24T23:59:59.999Z"
2742.46898406,2761.36336634,2336.36123343,2419.90629016,39999114804.5,280864129342.71,"2021-05-28T23:59:59.999Z"
2707.56059635,2739.73760667,2531.16064064,2633.51841662,27363223089.54,305798597367.09,"2021-06-01T23:59:59.999Z"
2691.61950569,2817.48490411,2558.23370309,2630.57680077,30496672724.27,305598725248.73,"2021-06-05T23:59:59.999Z"
2594.60234984,2620.8462685,2315.5465788,2517.43862412,41909736777.66,292557075207.19,"2021-06-08T23:59:59.999Z"
2354.75221787,2447.22786812,2265.75800259,2372.48445358,25724364409.83,275838937026.5,"2021-06-12T23:59:59.999Z"
2544.86481635,2554.62882845,2354.35054343,2367.6634963,24101926180.22,275405856979.43,"2021-06-16T23:59:59.999Z"
2171.33797181,2275.38275356,2049.96255307,2246.36453295,22535930423.06,261416943133.97,"2021-06-20T23:59:59.999Z"
1968.95742293,2032.33938945,1887.43204576,1988.45627579,20272845769.47,231509317649.28,"2021-06-24T23:59:59.999Z"
1981.38644305,2139.80537656,1963.61552578,2079.65743586,25514602840.62,242239400957.8,"2021-06-28T23:59:59.999Z"
2274.39751758,2274.39751758,2081.08095795,2113.60552345,29061701792.69,246278235669.23,"2021-07-01T23:59:59.999Z"
2321.92283563,2321.92283563,2163.04139391,2198.58246387,20103794829.49,256297846064.35,"2021-07-05T23:59:59.999Z"
2115.57407151,2185.37628813,2051.06654833,2146.69232351,23029574602.03,250363856990.67,"2021-07-09T23:59:59.999Z"
2034.09837415,2040.6936491,1922.57787009,1940.08396596,16621628658.11,226371110382.25,"2021-07-13T23:59:59.999Z"
1876.8813907,1917.59786075,1855.59084781,1898.82521323,13364282075.86,221657905577.44,"2021-07-17T23:59:59.999Z"
1786.2762751,2025.68042913,1759.02326113,1990.97088199,21253359756.19,232520574469.63,"2021-07-21T23:59:59.999Z"
2187.14542242,2194.43819616,2108.82985924,2191.37373048,14566483636.23,256042010286.39,"2021-07-25T23:59:59.999Z"
2302.0813122,2341.77775771,2250.91394356,2296.54549893,18991302378.06,268421055913.65,"2021-07-28T23:59:59.999Z"
2530.46279155,2695.42949418,2520.93198915,2561.85215266,22697987055.17,299564961374.28,"2021-08-01T23:59:59.999Z"
2725.66963172,2840.43074788,2540.68406122,2827.32894604,31057928075.39,330757177808.48,"2021-08-05T23:59:59.999Z"
3012.88571067,3185.70118746,2900.92591696,3167.85622304,31983260935.98,370765447257.17,"2021-08-09T23:59:59.999Z"
3049.00116338,3324.67161804,3037.67596399,3322.21175551,23868866253.74,389010223399.93,"2021-08-13T23:59:59.999Z"
3149.38036774,3288.81268799,2996.46822135,3014.84603892,25509056744.81,353182540848.52,"2021-08-17T23:59:59.999Z"
3182.1625608,3298.24662256,3178.10371046,3286.93532606,20885619827.66,385190199131.35,"2021-08-20T23:59:59.999Z"
3324.85545576,3358.68831957,3154.12131888,3172.45639017,20131028905.81,371945926397.26,"2021-08-24T23:59:59.999Z"
3275.10446885,3284.84596028,3217.40356823,3244.40326129,13709633698.05,380556000846.32,"2021-08-28T23:59:59.999Z"
3430.76234307,3836.86739388,3387.40856785,3834.82800549,30070890103.59,450017458312.04,"2021-09-01T23:59:59.999Z"
3886.330957,3979.1865858,3838.48739897,3952.13349685,18371468576.21,463997267858.19,"2021-09-05T23:59:59.999Z"
3452.54838118,3562.9925795,3400.51714987,3427.34018594,24118055830.66,402569602098.02,"2021-09-09T23:59:59.999Z"
3407.47198321,3426.50230852,3121.5140682683,3285.5117662639,22721552948.27,386087569776.34,"2021-09-13T23:59:59.999Z"
3613.0736241281,3673.3108990605,3489.8057446123,3571.2949350055,20093903064.17,419815044703.82,"2021-09-16T23:59:59.999Z"
3329.6707152299,3343.3254174779,2940.839160476,2958.9935047283,27371684581.43,347997332693.36,"2021-09-20T23:59:59.999Z"
3154.562121277,3159.6439410349,2747.3375899351,2931.6692167197,25595422789.23,344941570041.98,"2021-09-24T23:59:59.999Z"
2928.9632928603,2970.7704863372,2793.3605080171,2807.2967397712,16895079070.2,330459005351.95,"2021-09-28T23:59:59.999Z"
3308.8704033522,3464.837380219,3260.027537768,3391.6943469498,19202671703.53,399433404741.12,"2021-10-02T23:59:59.999Z"
3516.5702189818,3622.5512502363,3354.4696453725,3580.562049118,21855226591.2,421867592041.96,"2021-10-06T23:59:59.999Z"
3575.0206237472,3603.2449226661,3414.97104634,3425.8528528103,16171746693.48,403822590445.88,"2021-10-10T23:59:59.999Z"
3492.7535420606,3607.7416439864,3417.6020901812,3606.2015802322,16211275588.61,425218703480.39,"2021-10-13T23:59:59.999Z"
3829.8588098611,3914.8980649163,3660.7233872322,3847.1045954765,15908090346.33,453838694183.69,"2021-10-17T23:59:59.999Z"
4161.7135807451,4366.0883589591,4032.4838876682,4054.322680585,28220661819.63,478500948879.97,"2021-10-21T23:59:59.999Z"
4084.4256657302,4236.6671242876,4072.0346013779,4217.8769262219,15995727039.79,498030801217.41,"2021-10-25T23:59:59.999Z"
4288.6866712925,4455.7353969388,4271.707345689,4414.7466822498,22967641914.1,521512615610.04,"2021-10-29T23:59:59.999Z"
4322.5010563588,4599.9484103734,4288.6867507539,4584.7986683562,20794448222.01,541846540463.14,"2021-11-02T23:59:59.999Z"
4537.4233704974,4570.8959514885,4447.4872960469,4486.2434052108,15086003585.9,530378899238.44,"2021-11-05T23:59:59.999Z"
4810.0715325363,4837.5895567437,4718.0392560831,4735.0687550108,20834172626.69,560049280555.51,"2021-11-09T23:59:59.999Z"
4666.7191451081,4702.1150871065,4582.1806103347,4651.460545018,14457436260.75,550408539446.39,"2021-11-13T23:59:59.999Z"
4213.9107490209,4300.3068789786,4107.1260756339,4287.5939354912,22183461850.24,507579384615.9,"2021-11-17T23:59:59.999Z"
4412.1951546062,4422.4915326585,4255.4552845106,4269.7330337867,14094831413.1,505690293990.14,"2021-11-21T23:59:59.999Z"
4271.3946679097,4550.517892603,4249.7741996675,4274.7432411819,18705358317.77,506472632400.82,"2021-11-25T23:59:59.999Z"
4296.9468203366,4460.8488015589,4284.5047347487,4445.1050078407,19086475837.05,526931291116.82,"2021-11-29T23:59:59.999Z"
4586.3329277514,4628.9201006061,4441.5076067893,4511.3024876508,21502671026.65,534956208693.67,"2021-12-02T23:59:59.999Z"
4199.0002132664,4375.520665947,3930.8065658357,4358.7375446631,28229518512.78,517093472535.58,"2021-12-06T23:59:59.999Z"
4113.5885365954,4227.1116059098,3897.7675035545,3908.4961885009,28014595631.08,463886245129.88,"2021-12-10T23:59:59.999Z"
3782.8228670095,3866.6337721405,3700.1047670072,3745.4403998743,23836759957.16,444724220346.82,"2021-12-14T23:59:59.999Z"
3880.2914892857,3993.8299406774,3774.6150167134,3960.8600159608,19530895888.65,470530555465.84,"2021-12-18T23:59:59.999Z"
4018.6959082412,4073.7915105335,3947.6901560878,3982.0995306524,13921756199.38,473270048863.82,"2021-12-22T23:59:59.999Z"
4049.7819467465,4138.5651337336,4027.9270184646,4093.2809111356,10894785525.31,486650526450.39,"2021-12-25T23:59:59.999Z"
3797.4362909588,3827.9819680883,3612.7959467485,3628.531670825,15722555672.48,431593692097.51,"2021-12-29T23:59:59.999Z"
3769.2984373234,3836.1618045063,3727.3575084832,3829.565044537,9881471547.68,455713570380.85,"2022-01-02T23:59:59.999Z"
3549.7091041061,3549.7091041061,3335.3766287772,3418.4082471419,24293791313.07,406971721363.93,"2022-01-06T23:59:59.999Z"
3157.5704669721,3177.2134640747,2947.6836134591,3083.0979490511,19535744144.57,367219283311.49,"2022-01-10T23:59:59.999Z"
3248.6488013336,3330.7661873162,3203.8237612978,3310.0014227047,13562957229.72,394425210961.65,"2022-01-14T23:59:59.999Z"
3212.2876019239,3236.0161467815,3096.1234600837,3164.0252535298,13024154091.02,377202294415.78,"2022-01-18T23:59:59.999Z"
3002.9568912753,3029.0810179438,2496.8130735479,2557.9316232199,26796291873.93,305050189406.68,"2022-01-21T23:59:59.999Z"
2440.393460495,2498.5070133088,2359.3848477111,2455.9349620985,16179776931.53,293019902304.06,"2022-01-25T23:59:59.999Z"
2546.5905144949,2627.6094096931,2526.9896439377,2597.0846923895,11172062661.07,310001494765.15,"2022-01-29T23:59:59.999Z"
2791.958877886,2802.2120790686,2630.1203050011,2682.8539830123,13876301217.22,320384932826.29,"2022-02-02T23:59:59.999Z"
3014.9597560599,3061.2611522514,2965.4299502643,3057.4761243596,9466018022.46,365288302066.81,"2022-02-06T23:59:59.999Z"
3240.1131442526,3271.3161539173,3070.3781038806,3077.4822390496,18629485080.25,367845386120.69,"2022-02-10T23:59:59.999Z"
2880.1876755448,2957.9637287199,2840.2575140865,2933.479035507,12164552171.52,350792159064.23,"2022-02-14T23:59:59.999Z"
3126.8584998524,3154.6152699028,2861.8520629148,2881.4820381633,15860206213.94,344691405366.36,"2022-02-17T23:59:59.999Z"
2627.6654506506,2752.4585137975,2568.254453579,2573.8162259349,18646392739.73,308026942925.47,"2022-02-21T23:59:59.999Z"
2598.4362908279,2821.9724348296,2579.2079821474,2764.5356561157,17208902047.62,331001574996.18,"2022-02-25T23:59:59.999Z"
2919.7758779522,3029.6515598419,2868.9389994088,2972.4850662484,18757425785.63,356060928141.81,"2022-03-01T23:59:59.999Z"
2618.4735331241,2679.1024639631,2596.9900060637,2664.8311744433,8072368396.08,319352820652.92,"2022-03-05T23:59:59.999Z"
2577.1653630692,2761.7964691672,2573.6551894042,2729.7835041625,14173665398.18,327284646384.19,"2022-03-09T23:59:59.999Z"
2559.6607261667,2606.4386128487,2559.1269063287,2574.7542051655,6532996573.55,308802688253.24,"2022-03-12T23:59:59.999Z"
2620.0284850657,2781.3072306109,2610.7645075035,2772.0556183272,17915109769.41,332615747238.23,"2022-03-16T23:59:59.999Z"
2946.5476548411,2956.9654627981,2826.107380678,2860.4591299715,12684727326.19,343377833604.31,"2022-03-20T23:59:59.999Z"
3031.0608259817,3118.3877735902,3012.3266268645,3108.0619096249,18070503166.46,373268685628.38,"2022-03-24T23:59:59.999Z"
3292.3223941196,3424.0192648472,3279.027176416,3336.634572264,20620450770.12,400900140647.22,"2022-03-28T23:59:59.999Z"
3282.57616759,3467.5559079983,3223.8913040261,3449.5521302967,20982988936.67,414654032151.08,"2022-04-01T23:59:59.999Z"
3521.2397830665,3546.7068571416,3410.5475124889,3411.792508885,16681503199.28,410298423739.01,"2022-04-05T23:59:59.999Z"
3233.2724023532,3301.607533047,3179.1424282459,3192.0740436834,17557050668.9,384004266017.44,"2022-04-08T23:59:59.999Z"
2981.4206935275,3077.4526560985,2957.8724121469,3030.3764559966,20235707410.31,364715602736.26,"2022-04-12T23:59:59.999Z"
3041.1231989128,3074.8869098833,3016.4210962003,3062.3103812058,8766710364.65,368723505201.94,"2022-04-16T23:59:59.999Z"
3103.9349763576,3157.8857125676,3045.2883189552,3077.7458333831,15547362265.24,370747899752.64,"2022-04-20T23:59:59.999Z"
2937.3471671524,2961.8821398284,2922.1286359736,2922.7326431959,9696829579.36,352230955093.53,"2022-04-24T23:59:59.999Z"
2888.8497890382,2973.1349401292,2861.8214636962,2936.9410161491,18443524633.39,354099998306.72,"2022-04-28T23:59:59.999Z"
2729.9941987023,2838.7042537175,2728.0789595499,2827.7561442638,15332730152.03,341049885442.05,"2022-05-01T23:59:59.999Z"
2940.2266468171,2948.9605777143,2704.9161748719,2749.2130422077,22642925047.88,331722438859.99,"2022-05-05T23:59:59.999Z"
2518.5083805289,2528.2581724029,2238.0626571136,2245.4305316346,36333567677.85,271054331836.52,"2022-05-09T23:59:59.999Z"
1960.1225470264,2139.7133146957,1941.9759312277,2014.4182339085,24816096567.28,243274721466.96,"2022-05-13T23:59:59.999Z"
2022.8823537739,2113.0598992727,2015.9715226431,2090.4092459523,18509929297.43,252562157297.15,"2022-05-17T23:59:59.999Z"
1961.0179963529,1985.3959610391,1944.2651074545,1974.5183665274,8546822405.76,238662541734.67,"2022-05-21T23:59:59.999Z"
1978.6770417608,2014.3695258598,1943.9385458392,1944.8278449212,13364545730.05,235174141323.92,"2022-05-25T23:59:59.999Z"
1762.4821598245,1800.4708338131,1724.635946351,1792.4161559381,12897702710.98,216813374963.24,"2022-05-28T23:59:59.999Z"
1942.0506177248,1965.1665820077,1776.0532124763,1823.5693574295,21037797759.71,220675468263.59,"2022-06-01T23:59:59.999Z"
1801.8190083176,1825.8595950966,1777.1332602675,1805.2049888952,8850385937.2,218544227813.81,"2022-06-05T23:59:59.999Z"
1793.5128068629,1827.2931385897,1779.8675448064,1789.8260449403,12013083392.88,216770182920.59,"2022-06-09T23:59:59.999Z"
1443.8354737063,1448.7380358192,1181.9482652482,1204.5828092361,45162788785.74,145949007640.7,"2022-06-13T23:59:59.999Z"
1067.9877175497,1112.4716040754,1060.8677177692,1086.5193049794,14591486539.83,131697196726.13,"2022-06-17T23:59:59.999Z"
1127.6562680705,1159.9854021844,1066.113122112,1127.6423965514,19739691429,136722871083.63,"2022-06-20T23:59:59.999Z"
1143.2046590969,1238.6169802822,1134.51405688,1226.8447502771,16981552654.37,148805951209.82,"2022-06-24T23:59:59.999Z"
1193.2539705892,1229.7389997434,1141.1596191239,1144.5792743062,14023205651.22,138878854101.83,"2022-06-28T23:59:59.999Z"
1060.1212194119,1073.0525849391,1033.9621563877,1066.512767701,9935603640.09,129459761679.57,"2022-07-02T23:59:59.999Z"
1134.8222934845,1193.6367451745,1116.2475277849,1186.9739821393,15373536702.7,144146515577.97,"2022-07-06T23:59:59.999Z"
1216.9043631068,1216.9043631068,1157.1755402491,1168.4016110715,10984558038.55,141954129136.53,"2022-07-10T23:59:59.999Z"
1113.5157594323,1202.9533573541,1077.4057161213,1191.5262140585,16688640822.54,144828136302.19,"2022-07-14T23:59:59.999Z"
1353.2050532185,1378.4174946676,1329.7633301092,1338.6357028739,16079711736.59,162763136859.6,"2022-07-17T23:59:59.999Z"
1520.3744655335,1595.7619846767,1472.1854022306,1576.7495606209,20009556587.43,191800749216.26,"2022-07-21T23:59:59.999Z"
1599.1572770221,1605.3369108572,1445.3834222179,1445.3834222179,20585056021.4,175898851084.4,"2022-07-25T23:59:59.999Z"
1725.623915544,1759.8840399891,1662.7911114652,1727.4069295678,23249531112.99,210313498731.77,"2022-07-29T23:59:59.999Z"
1634.6458452926,1672.6298114692,1567.8510467031,1632.9454389883,20426082309.07,198900803867.57,"2022-08-02T23:59:59.999Z"
1732.6610906428,1744.3263946508,1691.6580874496,1691.6580874496,11757911704.98,206143302111.46,"2022-08-06T23:59:59.999Z"
1702.9064482914,1869.400675155,1665.0905105381,1851.7427029919,23512477983.68,225750054992.92,"2022-08-10T23:59:59.999Z"
1957.3340422931,2013.7557690136,1948.5952307914,1981.3365601897,16038975215.83,241628050423.6,"2022-08-13T23:59:59.999Z"
1877.9342982165,1951.6756745003,1823.5321962795,1832.9996383741,20308508124.41,223635240252.1,"2022-08-17T23:59:59.999Z"
1576.5436232347,1640.9365062161,1569.046542004,1619.3189146712,15849221751.57,197650970990.22,"2022-08-21T23:59:59.999Z"
1657.336514396,1718.1832201813,1656.8560398898,1696.4570581307,14818795695.16,207155539271.3,"2022-08-25T23:59:59.999Z"
1430.4394923917,1556.3095612652,1427.728355783,1553.0373243486,17965837488.06,189722196186.3,"2022-08-29T23:59:59.999Z"
1586.0179021808,1643.1832493667,1551.877970215,1577.2205133995,17708478709.32,192760741605.53,"2022-09-02T23:59:59.999Z"
1577.8840180831,1621.6613269896,1559.7818599396,1617.1831725777,13060541167.94,197707916935.92,"2022-09-05T23:59:59.999Z"
1635.1877577773,1735.8098526177,1632.8365512494,1719.0854510646,20242323689.87,210255158289.96,"2022-09-09T23:59:59.999Z"
1713.9625563857,1745.7790189186,1564.0318346989,1580.7879534271,23066821734.2,193422316197.85,"2022-09-13T23:59:59.999Z"
1432.8765064119,1473.060463927,1415.0423021185,1469.7416421535,10798098671.1,179913195986.61,"2022-09-17T23:59:59.999Z"
1324.2155942366,1384.4768694949,1229.4267080593,1252.6078412642,20643507799.95,153404799857.85,"2022-09-21T23:59:59.999Z"
1317.938519911,1333.3713799724,1275.627710053,1294.2167741314,11802651633.05,158574740489.23,"2022-09-25T23:59:59.999Z"
1337.5544530856,1348.1076466424,1293.1933852615,1335.6523611534,13796915736.04,163728077712.87,"2022-09-29T23:59:59.999Z"
1311.7534227496,1316.3300641685,1275.3360745433,1276.0935583214,7578351650.34,156481992824.69,"2022-10-02T23:59:59.999Z"
1352.8066306333,1380.4049004581,1349.4499313997,1351.7095271331,12033514861.06,165831763019.55,"2022-10-06T23:59:59.999Z"
1322.6186703697,1335.6627534966,1291.3376254069,1291.3376254069,8794491050.04,158499128156.64,"2022-10-10T23:59:59.999Z"
1288.04871305,1339.7447068821,1285.37824884,1297.4220818412,13113767755.21,159320275669.59,"2022-10-14T23:59:59.999Z"
1331.6699209621,1339.0859668817,1291.6606994331,1310.4470366521,10416747806.47,160364466785.93,"2022-10-18T23:59:59.999Z"
1299.9023345922,1317.101078015,1295.9468415803,1314.2992270631,7175324564.31,160835874209.47,"2022-10-22T23:59:59.999Z"
1344.7113448504,1509.985492921,1336.9789112789,1461.6654237274,25367291294.27,178869645044.44,"2022-10-25T23:59:59.999Z"
1555.274668616,1652.3822187455,1549.9836947253,1619.6984587987,21618154774.82,198208758106.57,"2022-10-29T23:59:59.999Z"
1579.4978960053,1613.4106738627,1507.2447410868,1519.711823268,23254218280.59,185973007218.42,"2022-11-02T23:59:59.999Z"
1627.9010667327,1634.1325005875,1572.2347570875,1572.2347570875,11632744704.51,192400441552.22,"2022-11-06T23:59:59.999Z"
1100.1072148734,1341.7911850977,1093.1225263425,1299.4646098434,28581002121.87,159020508319.75,"2022-11-10T23:59:59.999Z"
1221.8954835511,1284.217632199,1178.4291011835,1241.6042130742,15028035663.22,151939907866.2,"2022-11-14T23:59:59.999Z"
1200.8021752405,1226.7374756317,1200.8021752405,1212.3002469438,7979913377.94,148353868235.31,"2022-11-18T23:59:59.999Z"
1142.3957822414,1142.3957822414,1084.8573027563,1108.3530462394,14080099207.95,135633447402.59,"2022-11-21T23:59:59.999Z"
1203.7994267442,1203.7994267442,1174.8233877819,1198.92593624,5483308195.58,146717202126.48,"2022-11-25T23:59:59.999Z"
1169.874433274,1222.1642437371,1163.4774823977,1216.9011876232,7639405817.67,148916903134.48,"2022-11-29T23:59:59.999Z"
1294.45651757,1299.8403495372,1241.4319440295,1243.3348971959,5672609405.27,152151698373.37,"2022-12-03T23:59:59.999Z"
1271.5531399937,1272.6941089206,1224.447999377,1232.437441428,5752205179.84,150818134579.13,"2022-12-07T23:59:59.999Z"
1266.4178664949,1281.7832114564,1260.663708823,1263.8685480864,3362005847.68,154664480620.42,"2022-12-11T23:59:59.999Z"
1309.1908539053,1311.0670901306,1262.6893668326,1266.3539291602,6032859783.13,154968626311.45,"2022-12-15T23:59:59.999Z"
1188.1285388698,1194.2144870251,1176.1858500567,1184.7152322367,3350092519.49,144978183335.93,"2022-12-18T23:59:59.999Z"
1213.672654419,1221.9868522689,1187.1278135264,1218.1821518936,5297471739.23,149073659684.74,"2022-12-22T23:59:59.999Z"
1218.9201805513,1226.9743386769,1214.3359061484,1226.9743386769,3282098399.66,150149593573.92,"2022-12-26T23:59:59.999Z"
1201.5696378034,1202.0346691214,1187.4625433025,1199.2327542531,4055668252.59,146754748632.98,"2022-12-30T23:59:59.999Z"
1214.7440396322,1219.0953729162,1207.4915471113,1214.7788025107,3392972130.84,148657178662.66,"2023-01-03T23:59:59.999Z"
1269.4197406492,1270.5983105461,1262.2711165549,1264.2703412672,2565213547.9,154713649605.37,"2023-01-07T23:59:59.999Z"
1321.3954503013,1342.7571475481,1318.5271949469,1336.5861138308,5830173252.56,163563210282.51,"2023-01-10T23:59:59.999Z"
1451.4285043867,1563.739097335,1450.9884397122,1550.7068639574,15444626013.73,189765994312.95,"2023-01-14T23:59:59.999Z"
1567.6989486838,1602.106687678,1509.4229048259,1515.5070073176,10354880595.43,185458451765.63,"2023-01-18T23:59:59.999Z"
1627.3660029924,1658.0234136829,1612.0856948852,1628.3820424137,7517988734,199271406209.81,"2023-01-22T23:59:59.999Z"
1611.0809774076,1626.1982044077,1586.5981617881,1603.1059328512,8395315240.82,196178270959.7,"2023-01-26T23:59:59.999Z"
1646.147646973,1646.6515549742,1546.6607903551,1567.3264809426,9180418120.35,191799801098.5,"2023-01-30T23:59:59.999Z"
1642.9046958592,1670.6968659089,1634.2233793979,1664.7455821274,8169519804.5,203721353153.94,"2023-02-03T23:59:59.999Z"
1631.6452874606,1653.7155079011,1611.3190345666,1616.2471265662,6919871886.11,197786409641.32,"2023-02-06T23:59:59.999Z"
1546.5965307678,1553.3257322895,1504.8344461522,1514.8691459245,8397387897.21,185380394200.84,"2023-02-10T23:59:59.999Z"
1506.9921163467,1562.034268244,1497.1944254134,1556.8751525791,9249575045.1,190520831639.54,"2023-02-14T23:59:59.999Z"
1694.7418031033,1705.3091416267,1683.6701444721,1691.8194566737,5491437195.03,207034487855.66,"2023-02-18T23:59:59.999Z"
1658.1409631127,1663.9968552774,1604.8032842494,1643.2317104289,9189387004.34,201088617496.87,"2023-02-22T23:59:59.999Z"
1594.7610525796,1645.2734545739,1590.393085952,1640.8171556492,5727967432.13,200793139093.29,"2023-02-26T23:59:59.999Z"
1606.0403815803,1663.4336563449,1601.5486171578,1663.4336563449,7701847224.14,203560807723.74,"2023-03-01T23:59:59.999Z"
1567.1792948631,1584.2088912651,1559.9540492111,1564.4687207107,5020886237.89,191450085930.19,"2023-03-05T23:59:59.999Z"
1534.0316583587,1544.1084319645,1423.264717932,1438.660722311,9457897583.37,176054474764.9,"2023-03-09T23:59:59.999Z"
1590.8311873178,1699.9117256812,1572.0746525543,1680.3089961384,15711468958.75,205625908298.01,"2023-03-13T23:59:59.999Z"
1677.2967066577,1799.3440000133,1667.1318928085,1792.4851405695,12467445116.7,219353336789.45,"2023-03-17T23:59:59.999Z"
1735.6179601982,1836.2885278473,1725.0073435453,1806.7607367255,10758627745.86,221100296683.63,"2023-03-21T23:59:59.999Z"
1751.469499258,1762.6745108179,1716.6520353547,1743.7647859083,6614309912.22,213391238626.05,"2023-03-25T23:59:59.999Z"
1715.3273879176,1791.110918677,1702.5647546506,1772.7856574311,8346890042.23,216942634875.31,"2023-03-28T23:59:59.999Z"
1821.7043535926,1840.1731089734,1811.1184765157,1813.8605590338,5556443606.46,218493608915.33,"2023-04-01T23:59:59.999Z"
1870.9651134386,1937.4975566589,1865.9418825207,1909.1140628977,10319231688.65,229967634146.98,"2023-04-05T23:59:59.999Z"
1849.6722517235,1873.0573660031,1828.7001209059,1859.3877707862,6361497714.76,223977715590.51,"2023-04-09T23:59:59.999Z"
1917.6983218506,2022.1501440583,1901.8603891895,2012.6346440046,12546950499.3,242437493117.35,"2023-04-13T23:59:59.999Z"
2120.0012396305,2120.1135626334,2063.0386843882,2076.2430038239,9648882545.8,247975491589.17,"2023-04-17T23:59:59.999Z"